ATM_ID,ATM_Bank,ATM_Location,ATM_City,ATM_District,ATM_State,ATM_Latitude,ATM_Longitude,ATM_Type,ATM_Onsite_Offsite,ATM_Indoor_Outdoor,ATM_Operating_Status,CCTV_Available,CCTV_Footage_Available,CCTV_Footage_Reviewed,Card_Skimming_Device_Detected,ATM_Tampering_Detected,ATM_Malfunction,Security_Guard_Present,Shutter_Lock_Present,Location_Type,Urban_Rural
ATM_HOW_0001,State Bank of India,"Market Kiosk, Howrah",Howrah,Howrah,West Bengal,22.591023,88.296934,Bank-Owned,Onsite,Outdoor,Active,True,False,False,False,False,False,False,True,Market,Semi-Urban
ATM_JAI_0002,State Bank of India,"Market Kiosk, Jaipur",Jaipur,Jaipur,Rajasthan,26.935802,75.800194,White-Label,Onsite,Indoor,Active,True,False,False,False,False,False,False,True,Market,Semi-Urban
ATM_MAT_0003,ICICI Bank,"Market Kiosk, Mathura",Mathura,Mathura,Uttar Pradesh,27.477917,77.598621,Bank-Owned,Offsite,Indoor,Active,True,False,False,False,False,False,False,True,Market,Semi-Urban
ATM_KOL_0004,Axis Bank,"Market Kiosk, Kolkata",Kolkata,Kolkata,West Bengal,22.537494,88.316416,Brown-Label,Offsite,Outdoor,Active,False,False,False,False,False,False,False,True,Market,Semi-Urban
ATM_DEL_0005,ICICI Bank,"Shopping Mall Kiosk, Delhi",Delhi,Central Delhi,Delhi,28.595013,77.157323,White-Label,Offsite,Indoor,Active,True,True,True,False,False,False,False,False,Shopping_Mall,Urban
ATM_PAT_0006,Canara Bank,"Residential Kiosk, Patna",Patna,Patna,Bihar,25.519543,85.178637,White-Label,Onsite,Outdoor,Active,True,True,True,False,False,False,True,True,Residential,Semi-Urban
ATM_PUN_0007,Bank of Baroda,"Bus Stand Kiosk, Punahana",Punahana,Nuh,Haryana,27.882522,77.261903,Bank-Owned,Onsite,Outdoor,Active,True,True,False,False,False,False,True,True,Bus_Stand,Semi-Urban
ATM_ALW_0008,ICICI Bank,"Commercial Area Kiosk, Alwar",Alwar,Alwar,Rajasthan,27.518698,76.617946,Bank-Owned,Offsite,Outdoor,Active,True,True,False,False,False,False,False,True,Commercial_Area,Urban
ATM_PUN_0009,State Bank of India,"Commercial Area Kiosk, Punahana",Punahana,Nuh,Haryana,27.879617,77.230045,Brown-Label,Onsite,Outdoor,Active,True,True,False,False,False,False,False,False,Commercial_Area,Urban
ATM_DEL_0010,State Bank of India,"Shopping Mall Kiosk, Delhi",Delhi,Central Delhi,Delhi,28.593484,77.175186,Bank-Owned,Offsite,Indoor,Active,False,False,False,False,False,False,True,False,Shopping_Mall,Urban
ATM_KOL_0011,Bank of Baroda,"Market Kiosk, Kolkata",Kolkata,Kolkata,West Bengal,22.54307,88.408395,Bank-Owned,Offsite,Outdoor,Active,True,True,False,False,False,False,True,False,Market,Semi-Urban
ATM_DEL_0012,HDFC Bank,"Market Kiosk, Delhi",Delhi,Central Delhi,Delhi,28.582919,77.209965,Bank-Owned,Offsite,Outdoor,Active,True,True,False,False,False,False,False,True,Market,Semi-Urban
ATM_DEL_0013,Axis Bank,"Commercial Area Kiosk, Delhi",Delhi,Central Delhi,Delhi,28.604959,77.224789,Brown-Label,Onsite,Outdoor,Active,True,False,False,False,False,False,False,False,Commercial_Area,Urban
ATM_DEO_0014,Bank of Baroda,"Highway Kiosk, Deoghar",Deoghar,Deoghar,Jharkhand,24.507792,86.685744,Brown-Label,Offsite,Indoor,Active,True,True,False,False,False,False,True,True,Highway,Semi-Urban
ATM_JAI_0015,Bank of Baroda,"Educational Area Kiosk, Jaipur",Jaipur,Jaipur,Rajasthan,26.848076,75.751795,Brown-Label,Offsite,Indoor,Active,True,False,False,False,False,False,False,False,Educational_Area,Semi-Urban
ATM_KOL_0016,Axis Bank,"Commercial Area Kiosk, Kolkata",Kolkata,Kolkata,West Bengal,22.556202,88.327845,Bank-Owned,Offsite,Indoor,Active,True,True,False,False,False,False,True,False,Commercial_Area,Urban
ATM_MAT_0017,Bank of Baroda,"Bus Stand Kiosk, Mathura",Mathura,Mathura,Uttar Pradesh,27.484597,77.61641,Bank-Owned,Offsite,Outdoor,Degraded,True,True,True,False,False,False,False,True,Bus_Stand,Semi-Urban
ATM_DHA_0018,State Bank of India,"Bus Stand Kiosk, Dhanbad",Dhanbad,Dhanbad,Jharkhand,23.827923,86.42887,Bank-Owned,Onsite,Indoor,Active,True,True,False,False,False,False,True,False,Bus_Stand,Semi-Urban
ATM_DEL_0019,Canara Bank,"Commercial Area Kiosk, Delhi",Delhi,Central Delhi,Delhi,28.623612,77.200672,Bank-Owned,Offsite,Indoor,Active,True,True,False,False,False,False,False,True,Commercial_Area,Urban
ATM_KOL_0020,HDFC Bank,"Railway Station Kiosk, Kolkata",Kolkata,Kolkata,West Bengal,22.541878,88.363781,Bank-Owned,Offsite,Outdoor,Active,True,False,False,False,False,False,True,False,Railway_Station,Semi-Urban
ATM_GUR_0021,State Bank of India,"Highway Kiosk, Gurgaon/Gurugram",Gurgaon/Gurugram,Gurugram,Haryana,28.495055,77.03268,White-Label,Offsite,Indoor,Active,True,True,True,False,False,False,True,True,Highway,Semi-Urban
ATM_BHA_0022,HDFC Bank,"Bus Stand Kiosk, Bharatpur",Bharatpur,Bharatpur,Rajasthan,27.20806,77.545232,Bank-Owned,Offsite,Indoor,Active,True,True,True,False,False,False,True,True,Bus_Stand,Semi-Urban
ATM_KOL_0023,State Bank of India,"Market Kiosk, Kolkata",Kolkata,Kolkata,West Bengal,22.542976,88.333132,Bank-Owned,Offsite,Indoor,Active,True,True,True,False,False,False,True,True,Market,Semi-Urban
ATM_KOL_0024,ICICI Bank,"Commercial Area Kiosk, Kolkata",Kolkata,Kolkata,West Bengal,22.578453,88.375139,Brown-Label,Onsite,Outdoor,Active,True,False,False,False,False,False,True,True,Commercial_Area,Urban
ATM_ALW_0025,Bank of Baroda,"Commercial Area Kiosk, Alwar",Alwar,Alwar,Rajasthan,27.580641,76.576414,Bank-Owned,Onsite,Indoor,Active,True,True,False,False,False,False,True,False,Commercial_Area,Urban
ATM_KOL_0026,HDFC Bank,"Railway Station Kiosk, Kolkata",Kolkata,Kolkata,West Bengal,22.584991,88.380243,White-Label,Offsite,Indoor,Active,True,True,False,False,False,False,True,False,Railway_Station,Semi-Urban
ATM_DEL_0027,Bank of Baroda,"Shopping Mall Kiosk, Delhi",Delhi,Central Delhi,Delhi,28.58752,77.245095,White-Label,Offsite,Indoor,Active,True,True,False,False,False,False,True,False,Shopping_Mall,Urban
ATM_PAT_0028,ICICI Bank,"Commercial Area Kiosk, Patna",Patna,Patna,Bihar,25.596356,85.179967,Bank-Owned,Onsite,Outdoor,Active,True,True,False,False,False,True,True,False,Commercial_Area,Urban
ATM_KAM_0029,Bank of Baroda,"Commercial Area Kiosk, Kaman",Kaman,Bharatpur,Rajasthan,27.626063,77.260344,Bank-Owned,Onsite,Indoor,Active,True,True,True,False,False,False,True,False,Commercial_Area,Urban
ATM_DEL_0030,Bank of Baroda,"Commercial Area Kiosk, Delhi",Delhi,Central Delhi,Delhi,28.584129,77.239347,Bank-Owned,Offsite,Outdoor,Active,True,True,False,False,False,False,True,False,Commercial_Area,Urban
ATM_ALW_0031,ICICI Bank,"Shopping Mall Kiosk, Alwar",Alwar,Alwar,Rajasthan,27.550677,76.556028,Bank-Owned,Offsite,Outdoor,Active,True,True,True,False,False,False,True,True,Shopping_Mall,Urban
ATM_ALW_0032,State Bank of India,"Market Kiosk, Alwar",Alwar,Alwar,Rajasthan,27.553081,76.659828,White-Label,Offsite,Outdoor,Active,True,True,False,False,False,False,True,False,Market,Semi-Urban
ATM_DUM_0033,Punjab National Bank,"Market Kiosk, Dumka",Dumka,Dumka,Jharkhand,24.259985,87.241762,Bank-Owned,Offsite,Indoor,Active,True,True,True,False,False,False,False,True,Market,Semi-Urban
ATM_DEL_0034,Punjab National Bank,"Commercial Area Kiosk, Delhi",Delhi,Central Delhi,Delhi,28.629197,77.18252,Bank-Owned,Onsite,Indoor,Active,True,True,False,False,False,False,True,False,Commercial_Area,Urban
ATM_BHA_0035,State Bank of India,"Commercial Area Kiosk, Bharatpur",Bharatpur,Bharatpur,Rajasthan,27.189428,77.495506,Bank-Owned,Offsite,Outdoor,Active,True,True,False,False,False,False,True,True,Commercial_Area,Urban
ATM_DEL_0036,Punjab National Bank,"Residential Kiosk, Delhi",Delhi,Central Delhi,Delhi,28.593852,77.194722,Bank-Owned,Offsite,Indoor,Active,True,True,False,False,False,False,False,False,Residential,Semi-Urban
ATM_DEL_0037,Bank of Baroda,"Railway Station Kiosk, Delhi",Delhi,Central Delhi,Delhi,28.608951,77.141803,Bank-Owned,Offsite,Indoor,Active,True,True,False,False,False,False,False,False,Railway_Station,Semi-Urban
ATM_DHA_0038,State Bank of India,"Market Kiosk, Dhanbad",Dhanbad,Dhanbad,Jharkhand,23.801285,86.390199,Brown-Label,Offsite,Outdoor,Active,True,True,True,False,False,False,True,True,Market,Semi-Urban
ATM_PUN_0039,State Bank of India,"Shopping Mall Kiosk, Punahana",Punahana,Nuh,Haryana,27.889427,77.246087,Brown-Label,Offsite,Outdoor,Active,True,True,True,False,False,False,True,True,Shopping_Mall,Urban
ATM_DUM_0040,Bank of Baroda,"Market Kiosk, Dumka",Dumka,Dumka,Jharkhand,24.347832,87.242817,White-Label,Offsite,Outdoor,Active,True,True,True,False,False,True,False,True,Market,Semi-Urban
ATM_DEL_0041,Axis Bank,"Market Kiosk, Delhi",Delhi,Central Delhi,Delhi,28.645774,77.210281,Brown-Label,Onsite,Indoor,Active,True,True,True,False,False,False,True,True,Market,Semi-Urban
ATM_PAT_0042,HDFC Bank,"Shopping Mall Kiosk, Patna",Patna,Patna,Bihar,25.538374,85.122009,Bank-Owned,Onsite,Indoor,Active,True,True,False,False,False,False,True,False,Shopping_Mall,Urban
ATM_PAT_0043,State Bank of India,"Railway Station Kiosk, Patna",Patna,Patna,Bihar,25.621458,85.14162,White-Label,Onsite,Outdoor,Active,True,True,True,False,False,False,True,True,Railway_Station,Semi-Urban
ATM_DEL_0044,Punjab National Bank,"Commercial Area Kiosk, Delhi",Delhi,Central Delhi,Delhi,28.629026,77.166967,White-Label,Offsite,Outdoor,Active,True,True,False,False,False,False,True,True,Commercial_Area,Urban
ATM_DEL_0045,State Bank of India,"Market Kiosk, Delhi",Delhi,Central Delhi,Delhi,28.616778,77.261816,White-Label,Offsite,Indoor,Active,True,True,True,False,False,False,False,True,Market,Semi-Urban
ATM_JAI_0046,State Bank of India,"Bus Stand Kiosk, Jaipur",Jaipur,Jaipur,Rajasthan,26.931456,75.759027,Bank-Owned,Offsite,Outdoor,Active,True,True,False,False,False,False,True,False,Bus_Stand,Semi-Urban
ATM_FAR_0047,State Bank of India,"Market Kiosk, Faridabad",Faridabad,Faridabad,Haryana,28.459873,77.360801,Bank-Owned,Offsite,Outdoor,Active,True,True,False,False,False,False,True,False,Market,Semi-Urban
ATM_ALW_0048,ICICI Bank,"Commercial Area Kiosk, Alwar",Alwar,Alwar,Rajasthan,27.544713,76.66446,White-Label,Offsite,Indoor,Active,False,False,False,False,False,False,False,True,Commercial_Area,Urban
ATM_PAT_0049,HDFC Bank,"Railway Station Kiosk, Patna",Patna,Patna,Bihar,25.628997,85.134476,Bank-Owned,Offsite,Indoor,Active,True,False,False,False,False,False,False,True,Railway_Station,Semi-Urban
ATM_NAL_0050,State Bank of India,"Commercial Area Kiosk, Nalanda",Nalanda,Nalanda,Bihar,25.137446,85.518742,Bank-Owned,Onsite,Outdoor,Active,True,False,False,False,False,False,True,True,Commercial_Area,Urban
ATM_KOL_0051,Bank of Baroda,"Commercial Area Kiosk, Kolkata",Kolkata,Kolkata,West Bengal,22.636257,88.328749,Brown-Label,Onsite,Indoor,Active,True,False,False,False,False,False,True,True,Commercial_Area,Urban
ATM_ALW_0052,Kotak Mahindra Bank,"Shopping Mall Kiosk, Alwar",Alwar,Alwar,Rajasthan,27.615031,76.650744,Bank-Owned,Offsite,Outdoor,Active,True,True,False,False,False,False,False,False,Shopping_Mall,Urban
ATM_NAL_0053,IndusInd Bank,"Airport Kiosk, Nalanda",Nalanda,Nalanda,Bihar,25.233504,85.411947,White-Label,Offsite,Indoor,Active,True,True,True,False,False,False,True,False,Airport,Urban
ATM_DEO_0054,HDFC Bank,"Shopping Mall Kiosk, Deoghar",Deoghar,Deoghar,Jharkhand,24.525652,86.685341,Brown-Label,Onsite,Outdoor,Active,False,False,False,False,False,False,False,True,Shopping_Mall,Urban
ATM_KOL_0055,State Bank of India,"Railway Station Kiosk, Kolkata",Kolkata,Kolkata,West Bengal,22.581172,88.408216,Bank-Owned,Onsite,Indoor,Active,True,False,False,False,False,False,False,True,Railway_Station,Semi-Urban
ATM_AGR_0056,ICICI Bank,"Bus Stand Kiosk, Agra",Agra,Agra,Uttar Pradesh,27.194085,77.989926,Brown-Label,Offsite,Indoor,Degraded,False,False,False,False,False,False,False,True,Bus_Stand,Semi-Urban
ATM_PAT_0057,ICICI Bank,"Bus Stand Kiosk, Patna",Patna,Patna,Bihar,25.609222,85.153216,Bank-Owned,Onsite,Indoor,Active,True,True,False,False,False,False,True,True,Bus_Stand,Semi-Urban
ATM_GUR_0058,HDFC Bank,"Market Kiosk, Gurgaon/Gurugram",Gurgaon/Gurugram,Gurugram,Haryana,28.398756,77.015479,Brown-Label,Onsite,Indoor,Active,True,True,True,False,False,False,False,True,Market,Semi-Urban
ATM_BHA_0059,State Bank of India,"Highway Kiosk, Bharatpur",Bharatpur,Bharatpur,Rajasthan,27.267864,77.441477,Bank-Owned,Offsite,Outdoor,Active,True,False,False,False,False,False,True,True,Highway,Semi-Urban
ATM_KOL_0060,Bank of Baroda,"Shopping Mall Kiosk, Kolkata",Kolkata,Kolkata,West Bengal,22.621269,88.374898,Bank-Owned,Offsite,Outdoor,Active,True,True,False,False,False,False,True,True,Shopping_Mall,Urban
ATM_PAT_0061,State Bank of India,"Highway Kiosk, Patna",Patna,Patna,Bihar,25.541145,85.122162,White-Label,Offsite,Indoor,Active,False,False,False,False,False,False,True,False,Highway,Semi-Urban
ATM_ALW_0062,Punjab National Bank,"Commercial Area Kiosk, Alwar",Alwar,Alwar,Rajasthan,27.55788,76.638384,Bank-Owned,Onsite,Indoor,Active,True,True,True,False,False,False,True,False,Commercial_Area,Urban
ATM_KOL_0063,Union Bank of India,"Railway Station Kiosk, Kolkata",Kolkata,Kolkata,West Bengal,22.614264,88.343959,Bank-Owned,Offsite,Outdoor,Active,True,False,False,False,False,False,True,False,Railway_Station,Semi-Urban
ATM_KOL_0064,HDFC Bank,"Market Kiosk, Kolkata",Kolkata,Kolkata,West Bengal,22.563097,88.357943,Bank-Owned,Onsite,Outdoor,Active,True,True,False,False,False,False,True,True,Market,Semi-Urban
ATM_DEL_0065,State Bank of India,"Railway Station Kiosk, Delhi",Delhi,Central Delhi,Delhi,28.626191,77.206273,White-Label,Onsite,Indoor,Active,True,True,False,False,False,False,False,False,Railway_Station,Semi-Urban
ATM_DEL_0066,Punjab National Bank,"Market Kiosk, Delhi",Delhi,Central Delhi,Delhi,28.631326,77.231379,White-Label,Onsite,Outdoor,Active,True,True,True,False,False,False,True,True,Market,Semi-Urban
ATM_AGR_0067,State Bank of India,"Residential Kiosk, Agra",Agra,Agra,Uttar Pradesh,27.193863,78.033884,Brown-Label,Offsite,Outdoor,Active,True,True,True,False,False,False,False,True,Residential,Semi-Urban
ATM_PAT_0068,Canara Bank,"Shopping Mall Kiosk, Patna",Patna,Patna,Bihar,25.60619,85.113634,Brown-Label,Offsite,Indoor,Active,True,True,True,False,False,False,True,True,Shopping_Mall,Urban
ATM_DUM_0069,State Bank of India,"Market Kiosk, Dumka",Dumka,Dumka,Jharkhand,24.247652,87.253213,Bank-Owned,Onsite,Indoor,Degraded,True,True,False,False,False,False,True,True,Market,Semi-Urban
ATM_ALW_0070,HDFC Bank,"Residential Kiosk, Alwar",Alwar,Alwar,Rajasthan,27.574007,76.701095,Bank-Owned,Onsite,Indoor,Active,True,True,True,False,False,False,True,True,Residential,Semi-Urban
ATM_ALW_0071,Union Bank of India,"Bus Stand Kiosk, Alwar",Alwar,Alwar,Rajasthan,27.54717,76.644392,Bank-Owned,Offsite,Indoor,Active,True,True,False,False,False,False,False,True,Bus_Stand,Semi-Urban
ATM_KOL_0072,HDFC Bank,"Shopping Mall Kiosk, Kolkata",Kolkata,Kolkata,West Bengal,22.554672,88.352512,White-Label,Onsite,Indoor,Active,True,True,False,False,False,False,True,True,Shopping_Mall,Urban
ATM_MAT_0073,Axis Bank,"Market Kiosk, Mathura",Mathura,Mathura,Uttar Pradesh,27.466694,77.640534,Brown-Label,Offsite,Outdoor,Active,True,True,True,False,False,False,True,True,Market,Semi-Urban
ATM_DHA_0074,State Bank of India,"Residential Kiosk, Dhanbad",Dhanbad,Dhanbad,Jharkhand,23.758974,86.418218,Bank-Owned,Onsite,Indoor,Active,True,True,True,False,False,False,True,True,Residential,Semi-Urban
ATM_DEL_0075,IndusInd Bank,"Highway Kiosk, Delhi",Delhi,Central Delhi,Delhi,28.601865,77.199666,Bank-Owned,Onsite,Indoor,Active,True,True,False,False,False,False,True,False,Highway,Semi-Urban
ATM_BAR_0076,State Bank of India,"Commercial Area Kiosk, Bardhaman",Bardhaman,Purba Bardhaman,West Bengal,23.186673,87.833098,Brown-Label,Onsite,Indoor,Active,True,False,False,False,False,False,True,True,Commercial_Area,Urban
ATM_ALW_0077,ICICI Bank,"Commercial Area Kiosk, Alwar",Alwar,Alwar,Rajasthan,27.597151,76.604815,Bank-Owned,Offsite,Indoor,Active,True,True,False,False,False,False,True,True,Commercial_Area,Urban
ATM_MAT_0078,Union Bank of India,"Market Kiosk, Mathura",Mathura,Mathura,Uttar Pradesh,27.60303,77.705505,White-Label,Onsite,Indoor,Active,True,False,False,False,False,False,True,True,Market,Semi-Urban
ATM_DEO_0079,Bank of Baroda,"Educational Area Kiosk, Deoghar",Deoghar,Deoghar,Jharkhand,24.472497,86.767279,Brown-Label,Onsite,Outdoor,Active,True,False,False,False,False,False,True,True,Educational_Area,Semi-Urban
ATM_PAT_0080,Axis Bank,"Shopping Mall Kiosk, Patna",Patna,Patna,Bihar,25.614253,85.107,Bank-Owned,Onsite,Outdoor,Active,True,True,False,False,False,False,True,False,Shopping_Mall,Urban
ATM_GUR_0081,ICICI Bank,"Market Kiosk, Gurgaon/Gurugram",Gurgaon/Gurugram,Gurugram,Haryana,28.43867,76.990774,Bank-Owned,Onsite,Indoor,Active,True,False,False,False,False,False,True,False,Market,Semi-Urban
ATM_GUR_0082,ICICI Bank,"Railway Station Kiosk, Gurgaon/Gurugram",Gurgaon/Gurugram,Gurugram,Haryana,28.46293,77.073953,Bank-Owned,Offsite,Indoor,Active,True,True,False,False,False,False,True,True,Railway_Station,Semi-Urban
ATM_DEO_0083,State Bank of India,"Bus Stand Kiosk, Deoghar",Deoghar,Deoghar,Jharkhand,24.515968,86.73014,Bank-Owned,Onsite,Indoor,Degraded,True,False,False,False,False,False,False,True,Bus_Stand,Semi-Urban
ATM_BHA_0084,Kotak Mahindra Bank,"Railway Station Kiosk, Bharatpur",Bharatpur,Bharatpur,Rajasthan,27.263669,77.525198,White-Label,Offsite,Indoor,Degraded,False,False,False,False,False,False,False,True,Railway_Station,Semi-Urban
ATM_FAR_0085,State Bank of India,"Educational Area Kiosk, Faridabad",Faridabad,Faridabad,Haryana,28.421107,77.329621,White-Label,Onsite,Outdoor,Active,True,True,False,False,False,False,True,True,Educational_Area,Semi-Urban
ATM_BHA_0086,Kotak Mahindra Bank,"Market Kiosk, Bharatpur",Bharatpur,Bharatpur,Rajasthan,27.231951,77.500211,Bank-Owned,Onsite,Outdoor,Active,True,True,True,False,False,False,False,True,Market,Semi-Urban
ATM_DEO_0087,State Bank of India,"Market Kiosk, Deoghar",Deoghar,Deoghar,Jharkhand,24.49177,86.669987,Bank-Owned,Onsite,Indoor,Active,True,False,False,False,False,False,True,False,Market,Semi-Urban
ATM_BAR_0088,Kotak Mahindra Bank,"Market Kiosk, Bardhaman",Bardhaman,Purba Bardhaman,West Bengal,23.250109,87.838309,White-Label,Offsite,Outdoor,Active,True,True,False,False,False,False,True,True,Market,Semi-Urban
ATM_DUM_0089,Axis Bank,"Residential Kiosk, Dumka",Dumka,Dumka,Jharkhand,24.276043,87.204972,Bank-Owned,Onsite,Outdoor,Active,True,False,False,False,False,False,True,False,Residential,Semi-Urban
ATM_KOL_0090,HDFC Bank,"Commercial Area Kiosk, Kolkata",Kolkata,Kolkata,West Bengal,22.491332,88.376926,White-Label,Offsite,Outdoor,Active,True,True,True,False,False,False,False,False,Commercial_Area,Urban
ATM_BHA_0091,Kotak Mahindra Bank,"Shopping Mall Kiosk, Bharatpur",Bharatpur,Bharatpur,Rajasthan,27.245294,77.52814,Bank-Owned,Offsite,Outdoor,Active,True,True,True,False,False,False,False,False,Shopping_Mall,Urban
ATM_BHA_0092,HDFC Bank,"Educational Area Kiosk, Bharatpur",Bharatpur,Bharatpur,Rajasthan,27.230859,77.473408,Brown-Label,Onsite,Indoor,Active,True,False,False,False,False,False,False,True,Educational_Area,Semi-Urban
ATM_DEL_0093,State Bank of India,"Shopping Mall Kiosk, Delhi",Delhi,Central Delhi,Delhi,28.601611,77.162606,White-Label,Onsite,Outdoor,Active,True,True,False,False,False,False,False,False,Shopping_Mall,Urban
ATM_PAT_0094,ICICI Bank,"Commercial Area Kiosk, Patna",Patna,Patna,Bihar,25.573188,85.099014,White-Label,Offsite,Outdoor,Active,True,True,False,False,False,False,True,True,Commercial_Area,Urban
ATM_DEL_0095,State Bank of India,"Shopping Mall Kiosk, Delhi",Delhi,Central Delhi,Delhi,28.651811,77.240588,Brown-Label,Onsite,Indoor,Active,True,False,False,False,False,False,False,True,Shopping_Mall,Urban
ATM_BHA_0096,HDFC Bank,"Market Kiosk, Bharatpur",Bharatpur,Bharatpur,Rajasthan,27.261708,77.479608,Bank-Owned,Onsite,Outdoor,Active,True,True,True,False,False,False,False,True,Market,Semi-Urban
ATM_DEL_0097,Bank of Baroda,"Residential Kiosk, Delhi",Delhi,Central Delhi,Delhi,28.632885,77.18694,White-Label,Offsite,Outdoor,Active,True,True,False,False,False,False,False,False,Residential,Semi-Urban
ATM_ALW_0098,Bank of Baroda,"Shopping Mall Kiosk, Alwar",Alwar,Alwar,Rajasthan,27.58888,76.623958,Bank-Owned,Onsite,Outdoor,Active,True,True,False,False,False,False,False,True,Shopping_Mall,Urban
ATM_DEO_0099,State Bank of India,"Shopping Mall Kiosk, Deoghar",Deoghar,Deoghar,Jharkhand,24.537998,86.691507,Brown-Label,Onsite,Indoor,Active,True,False,False,False,False,False,True,False,Shopping_Mall,Urban
ATM_PAT_0100,HDFC Bank,"Shopping Mall Kiosk, Patna",Patna,Patna,Bihar,25.584214,85.1766,Bank-Owned,Onsite,Outdoor,Active,False,False,False,False,False,False,True,False,Shopping_Mall,Urban
ATM_BHA_0101,Axis Bank,"Market Kiosk, Bharatpur",Bharatpur,Bharatpur,Rajasthan,27.223049,77.527973,White-Label,Onsite,Indoor,Active,True,True,False,False,False,False,True,False,Market,Semi-Urban
ATM_DEO_0102,Punjab National Bank,"Commercial Area Kiosk, Deoghar",Deoghar,Deoghar,Jharkhand,24.488079,86.744597,Brown-Label,Onsite,Indoor,Active,True,False,False,False,False,False,True,True,Commercial_Area,Urban
ATM_AGR_0103,ICICI Bank,"Commercial Area Kiosk, Agra",Agra,Agra,Uttar Pradesh,27.123533,78.030538,Brown-Label,Onsite,Indoor,Active,True,True,False,False,False,False,False,True,Commercial_Area,Urban
ATM_DEL_0104,HDFC Bank,"Educational Area Kiosk, Delhi",Delhi,Central Delhi,Delhi,28.638238,77.171032,Bank-Owned,Onsite,Indoor,Active,True,False,False,False,False,False,True,False,Educational_Area,Semi-Urban
ATM_DEL_0105,State Bank of India,"Commercial Area Kiosk, Delhi",Delhi,Central Delhi,Delhi,28.567697,77.228325,White-Label,Onsite,Indoor,Active,True,True,False,False,False,False,False,False,Commercial_Area,Urban
ATM_DEO_0106,IndusInd Bank,"Bus Stand Kiosk, Deoghar",Deoghar,Deoghar,Jharkhand,24.491718,86.696309,White-Label,Onsite,Indoor,Active,True,True,True,False,False,False,True,False,Bus_Stand,Semi-Urban
ATM_PAT_0107,State Bank of India,"Residential Kiosk, Patna",Patna,Patna,Bihar,25.578581,85.095027,White-Label,Offsite,Outdoor,Active,True,True,False,False,False,False,False,True,Residential,Semi-Urban
ATM_GUR_0108,HDFC Bank,"Commercial Area Kiosk, Gurgaon/Gurugram",Gurgaon/Gurugram,Gurugram,Haryana,28.503368,77.061767,White-Label,Offsite,Indoor,Active,True,False,False,False,False,False,True,True,Commercial_Area,Urban
ATM_KOL_0109,ICICI Bank,"Market Kiosk, Kolkata",Kolkata,Kolkata,West Bengal,22.554706,88.391494,White-Label,Onsite,Outdoor,Active,True,True,True,False,False,False,False,False,Market,Semi-Urban
ATM_DEL_0110,State Bank of India,"Residential Kiosk, Delhi",Delhi,Central Delhi,Delhi,28.602648,77.20646,Brown-Label,Offsite,Indoor,Active,True,False,False,False,False,False,False,False,Residential,Semi-Urban
ATM_BHA_0111,Bank of Baroda,"Commercial Area Kiosk, Bharatpur",Bharatpur,Bharatpur,Rajasthan,27.153323,77.45989,Bank-Owned,Offsite,Indoor,Active,True,True,False,False,False,False,False,True,Commercial_Area,Urban
ATM_BHA_0112,State Bank of India,"Market Kiosk, Bharatpur",Bharatpur,Bharatpur,Rajasthan,27.140107,77.50834,Bank-Owned,Offsite,Outdoor,Active,True,False,False,False,False,False,False,False,Market,Semi-Urban
ATM_PUN_0113,State Bank of India,"Highway Kiosk, Punahana",Punahana,Nuh,Haryana,27.87144,77.168841,White-Label,Offsite,Indoor,Active,True,True,True,False,False,False,True,True,Highway,Semi-Urban
ATM_BHA_0114,Axis Bank,"Shopping Mall Kiosk, Bharatpur",Bharatpur,Bharatpur,Rajasthan,27.245694,77.434876,Bank-Owned,Onsite,Indoor,Active,False,False,False,False,False,False,True,False,Shopping_Mall,Urban
ATM_NAL_0115,ICICI Bank,"Residential Kiosk, Nalanda",Nalanda,Nalanda,Bihar,25.109109,85.366017,White-Label,Onsite,Indoor,Active,True,True,False,False,False,False,True,True,Residential,Semi-Urban
ATM_HOW_0116,State Bank of India,"Commercial Area Kiosk, Howrah",Howrah,Howrah,West Bengal,22.603337,88.241813,Bank-Owned,Offsite,Indoor,Active,True,True,True,False,False,False,True,True,Commercial_Area,Urban
ATM_GUR_0117,State Bank of India,"Shopping Mall Kiosk, Gurgaon/Gurugram",Gurgaon/Gurugram,Gurugram,Haryana,28.495321,76.978689,White-Label,Offsite,Outdoor,Active,True,True,False,False,False,False,True,True,Shopping_Mall,Urban
ATM_MAT_0118,State Bank of India,"Market Kiosk, Mathura",Mathura,Mathura,Uttar Pradesh,27.529893,77.651697,Bank-Owned,Offsite,Indoor,Active,True,True,True,False,False,False,True,True,Market,Semi-Urban
ATM_BHA_0119,Punjab National Bank,"Railway Station Kiosk, Bharatpur",Bharatpur,Bharatpur,Rajasthan,27.199285,77.504636,White-Label,Offsite,Indoor,Active,False,False,False,False,False,False,False,True,Railway_Station,Semi-Urban
ATM_KOL_0120,Punjab National Bank,"Market Kiosk, Kolkata",Kolkata,Kolkata,West Bengal,22.569887,88.404781,Bank-Owned,Onsite,Outdoor,Active,False,False,False,False,False,False,True,True,Market,Semi-Urban
ATM_KOL_0121,State Bank of India,"Market Kiosk, Kolkata",Kolkata,Kolkata,West Bengal,22.563013,88.298298,White-Label,Onsite,Indoor,Active,True,True,False,False,False,False,False,True,Market,Semi-Urban
ATM_BHA_0122,Punjab National Bank,"Shopping Mall Kiosk, Bharatpur",Bharatpur,Bharatpur,Rajasthan,27.146784,77.498622,Bank-Owned,Onsite,Outdoor,Active,True,True,False,False,False,False,False,False,Shopping_Mall,Urban
ATM_MAT_0123,ICICI Bank,"Commercial Area Kiosk, Mathura",Mathura,Mathura,Uttar Pradesh,27.529636,77.598437,Bank-Owned,Onsite,Indoor,Active,True,False,False,False,False,False,False,True,Commercial_Area,Urban
ATM_FAR_0124,State Bank of India,"Shopping Mall Kiosk, Faridabad",Faridabad,Faridabad,Haryana,28.391699,77.312125,Brown-Label,Offsite,Outdoor,Active,True,False,False,False,False,False,False,True,Shopping_Mall,Urban
ATM_KOL_0125,HDFC Bank,"Educational Area Kiosk, Kolkata",Kolkata,Kolkata,West Bengal,22.554293,88.345637,Bank-Owned,Offsite,Outdoor,Active,True,False,False,False,False,False,True,True,Educational_Area,Semi-Urban
ATM_DEL_0126,State Bank of India,"Market Kiosk, Delhi",Delhi,Central Delhi,Delhi,28.643484,77.172072,Bank-Owned,Onsite,Indoor,Active,True,False,False,False,False,False,True,False,Market,Semi-Urban
ATM_MAT_0127,Punjab National Bank,"Highway Kiosk, Mathura",Mathura,Mathura,Uttar Pradesh,27.476702,77.611899,White-Label,Offsite,Indoor,Active,True,True,False,False,False,False,False,False,Highway,Semi-Urban
ATM_KOL_0128,Bank of Baroda,"Educational Area Kiosk, Kolkata",Kolkata,Kolkata,West Bengal,22.525157,88.331752,White-Label,Offsite,Indoor,Active,True,True,False,False,False,False,False,True,Educational_Area,Semi-Urban
ATM_GUR_0129,Punjab National Bank,"Commercial Area Kiosk, Gurgaon/Gurugram",Gurgaon/Gurugram,Gurugram,Haryana,28.511299,77.048412,Bank-Owned,Offsite,Indoor,Active,True,True,True,False,False,False,True,True,Commercial_Area,Urban
ATM_BAR_0130,State Bank of India,"Market Kiosk, Bardhaman",Bardhaman,Purba Bardhaman,West Bengal,23.239543,87.899192,Brown-Label,Offsite,Outdoor,Active,False,False,False,False,False,False,True,True,Market,Semi-Urban
ATM_JAI_0131,State Bank of India,"Commercial Area Kiosk, Jaipur",Jaipur,Jaipur,Rajasthan,26.977494,75.729927,Bank-Owned,Offsite,Indoor,Active,True,False,False,False,False,False,True,True,Commercial_Area,Urban
ATM_NAL_0132,Punjab National Bank,"Market Kiosk, Nalanda",Nalanda,Nalanda,Bihar,25.195729,85.434063,Bank-Owned,Offsite,Outdoor,Active,False,False,False,False,False,False,True,False,Market,Semi-Urban
ATM_BAR_0133,Bank of Baroda,"Residential Kiosk, Bardhaman",Bardhaman,Purba Bardhaman,West Bengal,23.255509,87.870604,White-Label,Onsite,Outdoor,Active,True,False,False,False,False,False,True,False,Residential,Semi-Urban
ATM_DEL_0134,Union Bank of India,"Commercial Area Kiosk, Delhi",Delhi,Central Delhi,Delhi,28.610474,77.136772,Bank-Owned,Onsite,Indoor,Degraded,True,True,False,False,False,False,True,False,Commercial_Area,Urban
ATM_DEL_0135,State Bank of India,"Railway Station Kiosk, Delhi",Delhi,Central Delhi,Delhi,28.625746,77.17101,Bank-Owned,Offsite,Indoor,Active,True,True,True,False,False,False,False,False,Railway_Station,Semi-Urban
ATM_BHA_0136,State Bank of India,"Airport Kiosk, Bharatpur",Bharatpur,Bharatpur,Rajasthan,27.223767,77.472774,Bank-Owned,Offsite,Outdoor,Active,True,False,False,False,False,False,False,True,Airport,Urban
ATM_FAR_0137,HDFC Bank,"Bus Stand Kiosk, Faridabad",Faridabad,Faridabad,Haryana,28.393723,77.349951,Bank-Owned,Offsite,Indoor,Active,True,False,False,False,False,False,False,False,Bus_Stand,Semi-Urban
ATM_ALW_0138,State Bank of India,"Shopping Mall Kiosk, Alwar",Alwar,Alwar,Rajasthan,27.566403,76.59755,Brown-Label,Offsite,Indoor,Active,True,True,False,False,False,False,True,True,Shopping_Mall,Urban
ATM_DEL_0139,ICICI Bank,"Commercial Area Kiosk, Delhi",Delhi,Central Delhi,Delhi,28.620964,77.238849,Bank-Owned,Offsite,Indoor,Active,True,False,False,False,False,False,False,False,Commercial_Area,Urban
ATM_FAR_0140,ICICI Bank,"Commercial Area Kiosk, Faridabad",Faridabad,Faridabad,Haryana,28.413624,77.324989,White-Label,Offsite,Outdoor,Active,False,False,False,False,False,False,True,True,Commercial_Area,Urban
ATM_DUM_0141,Bank of Baroda,"Market Kiosk, Dumka",Dumka,Dumka,Jharkhand,24.286995,87.270762,Bank-Owned,Onsite,Indoor,Active,True,False,False,False,False,False,False,True,Market,Semi-Urban
ATM_DEL_0142,State Bank of India,"Airport Kiosk, Delhi",Delhi,Central Delhi,Delhi,28.636793,77.210253,Bank-Owned,Offsite,Indoor,Active,True,False,False,False,False,False,True,False,Airport,Urban
ATM_DEL_0143,HDFC Bank,"Market Kiosk, Delhi",Delhi,Central Delhi,Delhi,28.618522,77.259322,White-Label,Offsite,Outdoor,Active,True,True,True,False,False,False,True,True,Market,Semi-Urban
ATM_KOL_0144,State Bank of India,"Commercial Area Kiosk, Kolkata",Kolkata,Kolkata,West Bengal,22.619185,88.31667,Bank-Owned,Onsite,Indoor,Active,True,True,False,False,False,False,True,True,Commercial_Area,Urban
ATM_KOL_0145,State Bank of India,"Market Kiosk, Kolkata",Kolkata,Kolkata,West Bengal,22.619392,88.399585,Bank-Owned,Onsite,Outdoor,Active,True,False,False,False,False,False,False,False,Market,Semi-Urban
ATM_KOL_0146,Bank of Baroda,"Commercial Area Kiosk, Kolkata",Kolkata,Kolkata,West Bengal,22.549442,88.338412,White-Label,Onsite,Indoor,Active,True,True,True,False,False,False,True,True,Commercial_Area,Urban
ATM_ALW_0147,HDFC Bank,"Market Kiosk, Alwar",Alwar,Alwar,Rajasthan,27.56958,76.638904,Bank-Owned,Offsite,Outdoor,Active,True,True,True,False,False,False,False,True,Market,Semi-Urban
ATM_DHA_0148,HDFC Bank,"Market Kiosk, Dhanbad",Dhanbad,Dhanbad,Jharkhand,23.773585,86.446637,Bank-Owned,Onsite,Indoor,Active,True,True,True,False,False,False,True,False,Market,Semi-Urban
ATM_PAT_0149,ICICI Bank,"Educational Area Kiosk, Patna",Patna,Patna,Bihar,25.533804,85.202592,Bank-Owned,Onsite,Outdoor,Active,True,False,False,False,False,False,True,True,Educational_Area,Semi-Urban
ATM_PAT_0150,ICICI Bank,"Market Kiosk, Patna",Patna,Patna,Bihar,25.610969,85.044016,Brown-Label,Offsite,Indoor,Active,True,False,False,False,False,False,True,True,Market,Semi-Urban
ATM_ALW_0151,Union Bank of India,"Highway Kiosk, Alwar",Alwar,Alwar,Rajasthan,27.545294,76.604673,White-Label,Offsite,Outdoor,Active,True,False,False,False,False,False,False,True,Highway,Semi-Urban
ATM_PAT_0152,State Bank of India,"Market Kiosk, Patna",Patna,Patna,Bihar,25.636259,85.17691,Bank-Owned,Onsite,Indoor,Active,True,False,False,False,False,False,False,True,Market,Semi-Urban
ATM_KAM_0153,State Bank of India,"Shopping Mall Kiosk, Kaman",Kaman,Bharatpur,Rajasthan,27.713895,77.317297,Bank-Owned,Onsite,Indoor,Active,True,True,False,False,False,False,False,True,Shopping_Mall,Urban
ATM_NAL_0154,Bank of Baroda,"Bus Stand Kiosk, Nalanda",Nalanda,Nalanda,Bihar,25.130708,85.440883,Brown-Label,Onsite,Indoor,Active,True,False,False,False,False,False,True,True,Bus_Stand,Semi-Urban
ATM_DEL_0155,ICICI Bank,"Residential Kiosk, Delhi",Delhi,Central Delhi,Delhi,28.593311,77.218111,Brown-Label,Offsite,Indoor,Active,True,True,True,False,False,False,False,False,Residential,Semi-Urban
ATM_DEL_0156,HDFC Bank,"Market Kiosk, Delhi",Delhi,Central Delhi,Delhi,28.60065,77.186943,Bank-Owned,Offsite,Outdoor,Active,True,False,False,False,False,False,False,False,Market,Semi-Urban
ATM_PAT_0157,Axis Bank,"Shopping Mall Kiosk, Patna",Patna,Patna,Bihar,25.580503,85.110918,Bank-Owned,Onsite,Outdoor,Active,True,True,True,False,False,False,True,True,Shopping_Mall,Urban
ATM_KOL_0158,Punjab National Bank,"Bus Stand Kiosk, Kolkata",Kolkata,Kolkata,West Bengal,22.544537,88.40725,Bank-Owned,Onsite,Outdoor,Active,True,True,False,False,False,False,False,False,Bus_Stand,Semi-Urban
ATM_PAT_0159,HDFC Bank,"Shopping Mall Kiosk, Patna",Patna,Patna,Bihar,25.540524,85.165155,Bank-Owned,Onsite,Outdoor,Active,True,True,False,False,False,True,True,True,Shopping_Mall,Urban
ATM_KOL_0160,State Bank of India,"Commercial Area Kiosk, Kolkata",Kolkata,Kolkata,West Bengal,22.516563,88.350115,Bank-Owned,Onsite,Indoor,Degraded,True,True,False,False,False,False,True,True,Commercial_Area,Urban
ATM_MAT_0161,ICICI Bank,"Shopping Mall Kiosk, Mathura",Mathura,Mathura,Uttar Pradesh,27.475801,77.724063,Bank-Owned,Onsite,Indoor,Active,True,True,False,False,False,False,False,True,Shopping_Mall,Urban
ATM_BHA_0162,HDFC Bank,"Market Kiosk, Bharatpur",Bharatpur,Bharatpur,Rajasthan,27.229808,77.48403,Bank-Owned,Offsite,Indoor,Active,False,False,False,False,False,False,False,True,Market,Semi-Urban
ATM_ALW_0163,Punjab National Bank,"Residential Kiosk, Alwar",Alwar,Alwar,Rajasthan,27.601916,76.625941,Bank-Owned,Onsite,Indoor,Active,True,False,False,False,False,False,True,True,Residential,Semi-Urban
ATM_AGR_0164,State Bank of India,"Commercial Area Kiosk, Agra",Agra,Agra,Uttar Pradesh,27.224267,78.004221,Bank-Owned,Onsite,Outdoor,Active,False,False,False,False,False,False,False,True,Commercial_Area,Urban
ATM_ALW_0165,Bank of Baroda,"Market Kiosk, Alwar",Alwar,Alwar,Rajasthan,27.541861,76.590653,Bank-Owned,Onsite,Outdoor,Active,True,False,False,False,False,False,False,True,Market,Semi-Urban
ATM_BHA_0166,IndusInd Bank,"Commercial Area Kiosk, Bharatpur",Bharatpur,Bharatpur,Rajasthan,27.202227,77.47865,White-Label,Offsite,Outdoor,Active,True,True,True,False,False,False,True,False,Commercial_Area,Urban
ATM_PAT_0167,Axis Bank,"Shopping Mall Kiosk, Patna",Patna,Patna,Bihar,25.609531,85.119273,Bank-Owned,Onsite,Indoor,Active,True,True,False,False,False,False,False,False,Shopping_Mall,Urban
ATM_BHA_0168,HDFC Bank,"Shopping Mall Kiosk, Bharatpur",Bharatpur,Bharatpur,Rajasthan,27.223172,77.441837,White-Label,Onsite,Indoor,Active,True,True,False,False,False,False,False,False,Shopping_Mall,Urban
ATM_DUM_0169,State Bank of India,"Shopping Mall Kiosk, Dumka",Dumka,Dumka,Jharkhand,24.282029,87.195075,Brown-Label,Onsite,Indoor,Active,True,True,False,False,False,False,True,True,Shopping_Mall,Urban
ATM_DEL_0170,Axis Bank,"Market Kiosk, Delhi",Delhi,Central Delhi,Delhi,28.616382,77.172976,White-Label,Offsite,Outdoor,Active,True,True,False,False,False,False,True,True,Market,Semi-Urban
ATM_DEL_0171,State Bank of India,"Commercial Area Kiosk, Delhi",Delhi,Central Delhi,Delhi,28.629502,77.219913,Brown-Label,Offsite,Outdoor,Active,True,True,True,False,False,False,True,True,Commercial_Area,Urban
ATM_DHA_0172,Kotak Mahindra Bank,"Bus Stand Kiosk, Dhanbad",Dhanbad,Dhanbad,Jharkhand,23.750802,86.458988,Bank-Owned,Offsite,Indoor,Active,True,False,False,False,False,False,False,False,Bus_Stand,Semi-Urban
ATM_PAT_0173,Bank of Baroda,"Market Kiosk, Patna",Patna,Patna,Bihar,25.639109,85.117542,Bank-Owned,Offsite,Indoor,Active,True,False,False,False,False,False,True,True,Market,Semi-Urban
ATM_KOL_0174,State Bank of India,"Commercial Area Kiosk, Kolkata",Kolkata,Kolkata,West Bengal,22.573503,88.363466,Brown-Label,Onsite,Indoor,Active,False,False,False,False,False,False,False,False,Commercial_Area,Urban
ATM_DHA_0175,Punjab National Bank,"Market Kiosk, Dhanbad",Dhanbad,Dhanbad,Jharkhand,23.817246,86.374372,Bank-Owned,Onsite,Indoor,Degraded,True,False,False,False,False,False,True,True,Market,Semi-Urban
ATM_NAL_0176,State Bank of India,"Commercial Area Kiosk, Nalanda",Nalanda,Nalanda,Bihar,25.07905,85.40921,White-Label,Onsite,Indoor,Active,True,True,True,False,False,False,False,True,Commercial_Area,Urban
ATM_BHA_0177,HDFC Bank,"Railway Station Kiosk, Bharatpur",Bharatpur,Bharatpur,Rajasthan,27.187523,77.516905,Bank-Owned,Onsite,Indoor,Active,True,True,True,False,False,False,False,False,Railway_Station,Semi-Urban
ATM_KOL_0178,HDFC Bank,"Airport Kiosk, Kolkata",Kolkata,Kolkata,West Bengal,22.592028,88.334435,Bank-Owned,Offsite,Outdoor,Active,True,True,True,False,False,False,False,True,Airport,Urban
ATM_NAL_0179,HDFC Bank,"Shopping Mall Kiosk, Nalanda",Nalanda,Nalanda,Bihar,25.199446,85.42271,Bank-Owned,Offsite,Outdoor,Active,True,True,False,False,False,False,False,False,Shopping_Mall,Urban
ATM_ALW_0180,IndusInd Bank,"Commercial Area Kiosk, Alwar",Alwar,Alwar,Rajasthan,27.576974,76.664626,Bank-Owned,Offsite,Indoor,Active,True,True,False,False,False,False,True,True,Commercial_Area,Urban
ATM_ALW_0181,HDFC Bank,"Bus Stand Kiosk, Alwar",Alwar,Alwar,Rajasthan,27.56696,76.611674,Brown-Label,Onsite,Indoor,Active,True,True,False,False,False,False,True,True,Bus_Stand,Semi-Urban
ATM_BHA_0182,State Bank of India,"Commercial Area Kiosk, Bharatpur",Bharatpur,Bharatpur,Rajasthan,27.20487,77.441191,Brown-Label,Offsite,Indoor,Degraded,True,True,False,False,False,False,True,True,Commercial_Area,Urban
ATM_MAT_0183,State Bank of India,"Residential Kiosk, Mathura",Mathura,Mathura,Uttar Pradesh,27.517898,77.639572,Brown-Label,Offsite,Indoor,Active,True,True,True,False,False,False,False,False,Residential,Semi-Urban
ATM_BHA_0184,ICICI Bank,"Commercial Area Kiosk, Bharatpur",Bharatpur,Bharatpur,Rajasthan,27.182736,77.466238,Brown-Label,Offsite,Outdoor,Active,True,True,True,False,False,True,False,True,Commercial_Area,Urban
ATM_KOL_0185,State Bank of India,"Residential Kiosk, Kolkata",Kolkata,Kolkata,West Bengal,22.577374,88.35223,Bank-Owned,Offsite,Indoor,Active,True,True,True,False,False,True,False,True,Residential,Semi-Urban
ATM_ALW_0186,Axis Bank,"Market Kiosk, Alwar",Alwar,Alwar,Rajasthan,27.537915,76.615572,Bank-Owned,Offsite,Indoor,Active,True,True,False,False,False,False,True,False,Market,Semi-Urban
ATM_DEL_0187,HDFC Bank,"Residential Kiosk, Delhi",Delhi,Central Delhi,Delhi,28.548981,77.218442,White-Label,Offsite,Indoor,Active,True,True,True,False,False,False,False,False,Residential,Semi-Urban
ATM_BHA_0188,Kotak Mahindra Bank,"Residential Kiosk, Bharatpur",Bharatpur,Bharatpur,Rajasthan,27.194207,77.505222,Bank-Owned,Onsite,Outdoor,Active,True,True,False,False,False,False,True,True,Residential,Semi-Urban
ATM_KAM_0189,HDFC Bank,"Market Kiosk, Kaman",Kaman,Bharatpur,Rajasthan,27.60983,77.267082,White-Label,Onsite,Indoor,Active,True,True,False,False,False,False,False,True,Market,Semi-Urban
ATM_PUN_0190,ICICI Bank,"Shopping Mall Kiosk, Punahana",Punahana,Nuh,Haryana,27.808578,77.272593,Brown-Label,Offsite,Outdoor,Active,True,True,False,False,False,False,True,True,Shopping_Mall,Urban
ATM_JAI_0191,IndusInd Bank,"Market Kiosk, Jaipur",Jaipur,Jaipur,Rajasthan,26.933373,75.72081,Bank-Owned,Offsite,Indoor,Active,True,False,False,False,False,False,True,False,Market,Semi-Urban
ATM_MAT_0192,Canara Bank,"Commercial Area Kiosk, Mathura",Mathura,Mathura,Uttar Pradesh,27.495904,77.649496,White-Label,Offsite,Outdoor,Active,True,True,False,False,False,False,True,False,Commercial_Area,Urban
ATM_JAI_0193,Punjab National Bank,"Commercial Area Kiosk, Jaipur",Jaipur,Jaipur,Rajasthan,26.855867,75.788464,Bank-Owned,Onsite,Indoor,Active,True,True,True,False,False,False,True,True,Commercial_Area,Urban
ATM_DUM_0194,HDFC Bank,"Market Kiosk, Dumka",Dumka,Dumka,Jharkhand,24.231906,87.23943,White-Label,Offsite,Indoor,Active,True,True,False,False,False,False,True,True,Market,Semi-Urban
ATM_DEL_0195,ICICI Bank,"Commercial Area Kiosk, Delhi",Delhi,Central Delhi,Delhi,28.635429,77.169991,Bank-Owned,Offsite,Indoor,Active,True,False,False,False,False,False,True,True,Commercial_Area,Urban
ATM_DHA_0196,HDFC Bank,"Market Kiosk, Dhanbad",Dhanbad,Dhanbad,Jharkhand,23.805553,86.483379,Bank-Owned,Onsite,Indoor,Active,True,True,False,False,False,False,False,False,Market,Semi-Urban
ATM_ALW_0197,Bank of Baroda,"Residential Kiosk, Alwar",Alwar,Alwar,Rajasthan,27.614962,76.679548,Bank-Owned,Offsite,Outdoor,Active,True,False,False,False,False,False,True,True,Residential,Semi-Urban
ATM_DEO_0198,HDFC Bank,"Commercial Area Kiosk, Deoghar",Deoghar,Deoghar,Jharkhand,24.424578,86.712118,White-Label,Offsite,Indoor,Active,True,True,True,False,False,False,False,True,Commercial_Area,Urban
ATM_KOL_0199,HDFC Bank,"Market Kiosk, Kolkata",Kolkata,Kolkata,West Bengal,22.524518,88.350968,Bank-Owned,Offsite,Indoor,Active,True,True,True,False,False,False,False,True,Market,Semi-Urban
ATM_MAT_0200,State Bank of India,"Commercial Area Kiosk, Mathura",Mathura,Mathura,Uttar Pradesh,27.458009,77.635533,White-Label,Offsite,Outdoor,Active,True,False,False,False,False,False,False,False,Commercial_Area,Urban
ATM_FAR_0201,ICICI Bank,"Railway Station Kiosk, Faridabad",Faridabad,Faridabad,Haryana,28.381749,77.375467,Brown-Label,Offsite,Outdoor,Degraded,True,True,True,False,False,False,True,False,Railway_Station,Semi-Urban
ATM_ALW_0202,Bank of Baroda,"Airport Kiosk, Alwar",Alwar,Alwar,Rajasthan,27.52519,76.628599,Bank-Owned,Offsite,Indoor,Active,True,False,False,False,False,False,False,True,Airport,Urban
ATM_PAT_0203,Punjab National Bank,"Shopping Mall Kiosk, Patna",Patna,Patna,Bihar,25.612537,85.183932,Bank-Owned,Onsite,Outdoor,Active,True,False,False,False,False,True,True,True,Shopping_Mall,Urban
ATM_KOL_0204,HDFC Bank,"Commercial Area Kiosk, Kolkata",Kolkata,Kolkata,West Bengal,22.583553,88.356545,Bank-Owned,Offsite,Outdoor,Active,False,False,False,False,False,False,False,False,Commercial_Area,Urban
ATM_DEL_0205,HDFC Bank,"Highway Kiosk, Delhi",Delhi,Central Delhi,Delhi,28.639486,77.258824,White-Label,Offsite,Indoor,Active,True,True,True,False,False,False,False,True,Highway,Semi-Urban
ATM_DEO_0206,ICICI Bank,"Shopping Mall Kiosk, Deoghar",Deoghar,Deoghar,Jharkhand,24.503284,86.722337,White-Label,Offsite,Indoor,Active,True,True,True,False,False,False,False,True,Shopping_Mall,Urban
ATM_DEL_0207,Bank of Baroda,"Bus Stand Kiosk, Delhi",Delhi,Central Delhi,Delhi,28.650102,77.242422,White-Label,Onsite,Indoor,Active,True,True,False,False,False,False,True,False,Bus_Stand,Semi-Urban
ATM_DEL_0208,Punjab National Bank,"Market Kiosk, Delhi",Delhi,Central Delhi,Delhi,28.633231,77.197654,Bank-Owned,Offsite,Indoor,Active,True,True,False,False,False,False,True,False,Market,Semi-Urban
ATM_DUM_0209,Bank of Baroda,"Commercial Area Kiosk, Dumka",Dumka,Dumka,Jharkhand,24.30208,87.17425,Brown-Label,Offsite,Indoor,Active,True,False,False,False,False,False,False,True,Commercial_Area,Urban
ATM_PAT_0210,Punjab National Bank,"Commercial Area Kiosk, Patna",Patna,Patna,Bihar,25.625187,85.144762,White-Label,Onsite,Indoor,Active,True,False,False,False,False,True,True,True,Commercial_Area,Urban
ATM_PAT_0211,IndusInd Bank,"Commercial Area Kiosk, Patna",Patna,Patna,Bihar,25.619274,85.10336,White-Label,Offsite,Indoor,Degraded,True,False,False,False,False,False,True,False,Commercial_Area,Urban
ATM_ALW_0212,State Bank of India,"Educational Area Kiosk, Alwar",Alwar,Alwar,Rajasthan,27.580975,76.646339,Bank-Owned,Offsite,Outdoor,Active,True,True,False,False,False,False,False,False,Educational_Area,Semi-Urban
ATM_DUM_0213,HDFC Bank,"Commercial Area Kiosk, Dumka",Dumka,Dumka,Jharkhand,24.208724,87.277835,Bank-Owned,Offsite,Indoor,Active,True,True,False,False,False,False,True,True,Commercial_Area,Urban
ATM_KOL_0214,Punjab National Bank,"Commercial Area Kiosk, Kolkata",Kolkata,Kolkata,West Bengal,22.564525,88.338796,Brown-Label,Onsite,Outdoor,Active,False,False,False,False,False,False,False,True,Commercial_Area,Urban
ATM_ALW_0215,Axis Bank,"Other Kiosk, Alwar",Alwar,Alwar,Rajasthan,27.486799,76.571294,Bank-Owned,Offsite,Indoor,Active,True,True,True,False,False,False,True,False,Other,Semi-Urban
ATM_PAT_0216,HDFC Bank,"Railway Station Kiosk, Patna",Patna,Patna,Bihar,25.574433,85.116781,White-Label,Onsite,Outdoor,Active,True,True,True,False,False,False,True,False,Railway_Station,Semi-Urban
ATM_FAR_0217,HDFC Bank,"Highway Kiosk, Faridabad",Faridabad,Faridabad,Haryana,28.441845,77.307414,Bank-Owned,Onsite,Indoor,Active,False,False,False,False,False,False,True,False,Highway,Semi-Urban
ATM_ALW_0218,State Bank of India,"Airport Kiosk, Alwar",Alwar,Alwar,Rajasthan,27.490106,76.670537,White-Label,Onsite,Indoor,Active,True,False,False,False,False,False,True,False,Airport,Urban
ATM_PAT_0219,State Bank of India,"Bus Stand Kiosk, Patna",Patna,Patna,Bihar,25.655756,85.114573,Bank-Owned,Offsite,Outdoor,Active,True,False,False,False,False,False,False,False,Bus_Stand,Semi-Urban
ATM_JAI_0220,Axis Bank,"Railway Station Kiosk, Jaipur",Jaipur,Jaipur,Rajasthan,26.933317,75.759862,Bank-Owned,Offsite,Outdoor,Active,True,True,False,False,False,False,False,True,Railway_Station,Semi-Urban
ATM_PUN_0221,Kotak Mahindra Bank,"Residential Kiosk, Punahana",Punahana,Nuh,Haryana,27.866283,77.208428,Bank-Owned,Offsite,Outdoor,Active,True,True,True,False,False,False,True,False,Residential,Semi-Urban
ATM_ALW_0222,State Bank of India,"Commercial Area Kiosk, Alwar",Alwar,Alwar,Rajasthan,27.531275,76.639947,Bank-Owned,Offsite,Outdoor,Degraded,True,True,False,False,False,False,False,True,Commercial_Area,Urban
ATM_PAT_0223,State Bank of India,"Bus Stand Kiosk, Patna",Patna,Patna,Bihar,25.574879,85.179112,Bank-Owned,Offsite,Indoor,Active,True,True,True,False,False,False,False,False,Bus_Stand,Semi-Urban
ATM_DEL_0224,Punjab National Bank,"Bus Stand Kiosk, Delhi",Delhi,Central Delhi,Delhi,28.633954,77.201585,Bank-Owned,Offsite,Indoor,Active,True,False,False,False,False,False,True,True,Bus_Stand,Semi-Urban
ATM_ALW_0225,State Bank of India,"Railway Station Kiosk, Alwar",Alwar,Alwar,Rajasthan,27.545383,76.642638,Brown-Label,Offsite,Outdoor,Active,True,True,False,False,False,False,True,False,Railway_Station,Semi-Urban
ATM_ALW_0226,IndusInd Bank,"Market Kiosk, Alwar",Alwar,Alwar,Rajasthan,27.601765,76.616531,Bank-Owned,Offsite,Indoor,Active,True,True,True,False,False,False,False,True,Market,Semi-Urban
ATM_DHA_0227,Axis Bank,"Railway Station Kiosk, Dhanbad",Dhanbad,Dhanbad,Jharkhand,23.755662,86.449444,White-Label,Onsite,Indoor,Active,True,True,True,False,False,False,True,True,Railway_Station,Semi-Urban
ATM_ALW_0228,Kotak Mahindra Bank,"Commercial Area Kiosk, Alwar",Alwar,Alwar,Rajasthan,27.56585,76.63012,Bank-Owned,Onsite,Outdoor,Active,True,False,False,False,False,False,False,True,Commercial_Area,Urban
ATM_DEO_0229,IndusInd Bank,"Highway Kiosk, Deoghar",Deoghar,Deoghar,Jharkhand,24.535461,86.703591,White-Label,Offsite,Indoor,Active,True,False,False,False,False,False,False,False,Highway,Semi-Urban
ATM_DHA_0230,State Bank of India,"Bus Stand Kiosk, Dhanbad",Dhanbad,Dhanbad,Jharkhand,23.777204,86.476659,Bank-Owned,Onsite,Outdoor,Active,True,True,False,False,False,False,True,False,Bus_Stand,Semi-Urban
ATM_MAT_0231,Bank of Baroda,"Shopping Mall Kiosk, Mathura",Mathura,Mathura,Uttar Pradesh,27.516648,77.65185,Bank-Owned,Offsite,Indoor,Active,True,True,False,False,False,False,True,False,Shopping_Mall,Urban
ATM_KOL_0232,Bank of Baroda,"Market Kiosk, Kolkata",Kolkata,Kolkata,West Bengal,22.572791,88.357019,Bank-Owned,Onsite,Indoor,Active,True,True,False,False,False,False,True,True,Market,Semi-Urban
ATM_AGR_0233,State Bank of India,"Market Kiosk, Agra",Agra,Agra,Uttar Pradesh,27.160799,78.080123,Bank-Owned,Offsite,Indoor,Active,True,True,False,False,False,False,True,False,Market,Semi-Urban
ATM_ALW_0234,HDFC Bank,"Bus Stand Kiosk, Alwar",Alwar,Alwar,Rajasthan,27.515729,76.589686,Bank-Owned,Onsite,Indoor,Active,True,True,True,False,False,False,True,False,Bus_Stand,Semi-Urban
ATM_PAT_0235,State Bank of India,"Residential Kiosk, Patna",Patna,Patna,Bihar,25.579857,85.102082,Brown-Label,Onsite,Indoor,Active,True,True,False,False,False,False,True,False,Residential,Semi-Urban
ATM_JAI_0236,State Bank of India,"Residential Kiosk, Jaipur",Jaipur,Jaipur,Rajasthan,26.920249,75.801552,Bank-Owned,Offsite,Indoor,Active,False,False,False,False,False,False,True,True,Residential,Semi-Urban
ATM_DEL_0237,State Bank of India,"Railway Station Kiosk, Delhi",Delhi,Central Delhi,Delhi,28.639679,77.241796,Bank-Owned,Offsite,Outdoor,Active,True,True,True,False,False,False,True,True,Railway_Station,Semi-Urban
ATM_DEL_0238,State Bank of India,"Commercial Area Kiosk, Delhi",Delhi,Central Delhi,Delhi,28.657761,77.193754,Bank-Owned,Onsite,Indoor,Active,True,False,False,False,False,False,True,True,Commercial_Area,Urban
ATM_PAT_0239,HDFC Bank,"Shopping Mall Kiosk, Patna",Patna,Patna,Bihar,25.587085,85.137067,White-Label,Offsite,Outdoor,Active,True,True,True,False,False,False,False,True,Shopping_Mall,Urban
ATM_BHA_0240,Bank of Baroda,"Market Kiosk, Bharatpur",Bharatpur,Bharatpur,Rajasthan,27.205779,77.480172,White-Label,Offsite,Indoor,Active,True,True,False,False,False,False,True,True,Market,Semi-Urban
ATM_MAT_0241,Punjab National Bank,"Commercial Area Kiosk, Mathura",Mathura,Mathura,Uttar Pradesh,27.463168,77.693917,Bank-Owned,Onsite,Indoor,Active,False,False,False,False,False,False,False,True,Commercial_Area,Urban
ATM_BAR_0242,State Bank of India,"Bus Stand Kiosk, Bardhaman",Bardhaman,Purba Bardhaman,West Bengal,23.214969,87.821079,Bank-Owned,Onsite,Indoor,Active,True,True,False,False,False,False,False,True,Bus_Stand,Semi-Urban
ATM_DUM_0243,State Bank of India,"Market Kiosk, Dumka",Dumka,Dumka,Jharkhand,24.234528,87.258071,Bank-Owned,Onsite,Indoor,Active,True,True,True,False,False,False,False,True,Market,Semi-Urban
ATM_KOL_0244,State Bank of India,"Residential Kiosk, Kolkata",Kolkata,Kolkata,West Bengal,22.536219,88.317414,Bank-Owned,Offsite,Outdoor,Active,True,True,True,False,False,False,False,True,Residential,Semi-Urban
ATM_DEL_0245,Axis Bank,"Commercial Area Kiosk, Delhi",Delhi,Central Delhi,Delhi,28.618611,77.281091,White-Label,Offsite,Outdoor,Active,False,False,False,False,False,False,False,True,Commercial_Area,Urban
ATM_KOL_0246,ICICI Bank,"Commercial Area Kiosk, Kolkata",Kolkata,Kolkata,West Bengal,22.505914,88.376446,Brown-Label,Offsite,Outdoor,Active,True,True,False,False,False,False,False,True,Commercial_Area,Urban
ATM_MAT_0247,Axis Bank,"Railway Station Kiosk, Mathura",Mathura,Mathura,Uttar Pradesh,27.465566,77.651023,Bank-Owned,Offsite,Outdoor,Active,True,True,False,False,False,False,True,False,Railway_Station,Semi-Urban
ATM_KOL_0248,Axis Bank,"Market Kiosk, Kolkata",Kolkata,Kolkata,West Bengal,22.561622,88.354699,Bank-Owned,Offsite,Indoor,Active,True,True,False,False,False,False,True,False,Market,Semi-Urban
ATM_ALW_0249,Kotak Mahindra Bank,"Market Kiosk, Alwar",Alwar,Alwar,Rajasthan,27.570702,76.632781,Brown-Label,Onsite,Indoor,Active,True,False,False,False,False,False,False,True,Market,Semi-Urban
ATM_BHA_0250,State Bank of India,"Shopping Mall Kiosk, Bharatpur",Bharatpur,Bharatpur,Rajasthan,27.227161,77.496292,Bank-Owned,Onsite,Indoor,Active,True,False,False,False,False,False,False,True,Shopping_Mall,Urban
ATM_NAL_0251,ICICI Bank,"Commercial Area Kiosk, Nalanda",Nalanda,Nalanda,Bihar,25.151152,85.45699,Brown-Label,Offsite,Outdoor,Active,True,True,True,False,False,True,False,True,Commercial_Area,Urban
ATM_GUR_0252,State Bank of India,"Bus Stand Kiosk, Gurgaon/Gurugram",Gurgaon/Gurugram,Gurugram,Haryana,28.464125,77.054782,White-Label,Offsite,Indoor,Active,True,True,False,False,False,False,False,True,Bus_Stand,Semi-Urban
ATM_KOL_0253,ICICI Bank,"Shopping Mall Kiosk, Kolkata",Kolkata,Kolkata,West Bengal,22.589165,88.364457,Bank-Owned,Offsite,Indoor,Active,True,False,False,False,False,False,False,True,Shopping_Mall,Urban
ATM_AGR_0254,IndusInd Bank,"Market Kiosk, Agra",Agra,Agra,Uttar Pradesh,27.170903,77.997785,White-Label,Offsite,Outdoor,Active,True,True,True,False,False,False,False,True,Market,Semi-Urban
ATM_DEL_0255,Axis Bank,"Market Kiosk, Delhi",Delhi,Central Delhi,Delhi,28.627453,77.203978,Brown-Label,Onsite,Outdoor,Active,True,True,True,False,False,False,False,False,Market,Semi-Urban
ATM_DEL_0256,HDFC Bank,"Commercial Area Kiosk, Delhi",Delhi,Central Delhi,Delhi,28.668012,77.221438,Bank-Owned,Onsite,Indoor,Active,True,False,False,False,False,False,True,True,Commercial_Area,Urban
ATM_PAT_0257,Punjab National Bank,"Commercial Area Kiosk, Patna",Patna,Patna,Bihar,25.57569,85.162056,Bank-Owned,Onsite,Outdoor,Active,True,False,False,False,False,False,False,False,Commercial_Area,Urban
ATM_BAR_0258,HDFC Bank,"Market Kiosk, Bardhaman",Bardhaman,Purba Bardhaman,West Bengal,23.216781,87.861092,Bank-Owned,Offsite,Indoor,Active,False,False,False,False,False,False,True,True,Market,Semi-Urban
ATM_PUN_0259,State Bank of India,"Market Kiosk, Punahana",Punahana,Nuh,Haryana,27.888895,77.159727,Bank-Owned,Offsite,Indoor,Active,True,False,False,False,False,False,True,True,Market,Semi-Urban
ATM_ALW_0260,IndusInd Bank,"Railway Station Kiosk, Alwar",Alwar,Alwar,Rajasthan,27.523945,76.613178,Brown-Label,Offsite,Outdoor,Active,True,True,True,False,False,False,False,True,Railway_Station,Semi-Urban
ATM_DEL_0261,State Bank of India,"Educational Area Kiosk, Delhi",Delhi,Central Delhi,Delhi,28.561912,77.179893,Bank-Owned,Onsite,Outdoor,Active,True,True,False,False,False,False,True,False,Educational_Area,Semi-Urban
ATM_KOL_0262,State Bank of India,"Commercial Area Kiosk, Kolkata",Kolkata,Kolkata,West Bengal,22.600438,88.365736,White-Label,Onsite,Outdoor,Active,True,False,False,False,False,False,True,True,Commercial_Area,Urban
ATM_BAR_0263,HDFC Bank,"Educational Area Kiosk, Bardhaman",Bardhaman,Purba Bardhaman,West Bengal,23.205185,87.825893,Brown-Label,Offsite,Indoor,Active,True,False,False,False,False,False,True,True,Educational_Area,Semi-Urban
ATM_ALW_0264,State Bank of India,"Shopping Mall Kiosk, Alwar",Alwar,Alwar,Rajasthan,27.609712,76.6135,Bank-Owned,Offsite,Indoor,Active,True,True,True,False,False,False,False,True,Shopping_Mall,Urban
ATM_BHA_0265,ICICI Bank,"Market Kiosk, Bharatpur",Bharatpur,Bharatpur,Rajasthan,27.227446,77.495787,Bank-Owned,Offsite,Indoor,Active,True,True,False,False,False,False,True,True,Market,Semi-Urban
ATM_ALW_0266,Canara Bank,"Commercial Area Kiosk, Alwar",Alwar,Alwar,Rajasthan,27.555668,76.59816,Bank-Owned,Onsite,Outdoor,Active,True,True,False,False,False,True,True,True,Commercial_Area,Urban
ATM_PUN_0267,Kotak Mahindra Bank,"Market Kiosk, Punahana",Punahana,Nuh,Haryana,27.876704,77.208862,Bank-Owned,Onsite,Indoor,Active,True,True,False,False,False,False,True,False,Market,Semi-Urban
ATM_DHA_0268,Axis Bank,"Shopping Mall Kiosk, Dhanbad",Dhanbad,Dhanbad,Jharkhand,23.799792,86.39429,Brown-Label,Onsite,Indoor,Active,True,True,False,False,False,False,False,False,Shopping_Mall,Urban
ATM_GUR_0269,HDFC Bank,"Market Kiosk, Gurgaon/Gurugram",Gurgaon/Gurugram,Gurugram,Haryana,28.424006,77.047913,Bank-Owned,Onsite,Indoor,Active,True,True,False,False,False,False,True,True,Market,Semi-Urban
ATM_BAR_0270,Canara Bank,"Railway Station Kiosk, Bardhaman",Bardhaman,Purba Bardhaman,West Bengal,23.292761,87.882413,Bank-Owned,Onsite,Outdoor,Active,True,True,False,False,False,False,False,True,Railway_Station,Semi-Urban
ATM_GUR_0271,State Bank of India,"Educational Area Kiosk, Gurgaon/Gurugram",Gurgaon/Gurugram,Gurugram,Haryana,28.46398,77.073869,Bank-Owned,Onsite,Indoor,Active,True,True,False,False,False,False,False,True,Educational_Area,Semi-Urban
ATM_KAM_0272,Bank of Baroda,"Shopping Mall Kiosk, Kaman",Kaman,Bharatpur,Rajasthan,27.606672,77.261284,Bank-Owned,Onsite,Outdoor,Active,True,True,False,False,False,False,True,True,Shopping_Mall,Urban
ATM_ALW_0273,Canara Bank,"Highway Kiosk, Alwar",Alwar,Alwar,Rajasthan,27.574204,76.722455,Bank-Owned,Onsite,Outdoor,Degraded,True,False,False,False,False,False,True,True,Highway,Semi-Urban
ATM_PAT_0274,ICICI Bank,"Shopping Mall Kiosk, Patna",Patna,Patna,Bihar,25.581272,85.127822,Bank-Owned,Onsite,Indoor,Active,False,False,False,False,False,False,False,False,Shopping_Mall,Urban
ATM_ALW_0275,Punjab National Bank,"Commercial Area Kiosk, Alwar",Alwar,Alwar,Rajasthan,27.586439,76.656519,White-Label,Offsite,Indoor,Active,True,True,False,False,False,False,False,True,Commercial_Area,Urban
ATM_DEO_0276,HDFC Bank,"Bus Stand Kiosk, Deoghar",Deoghar,Deoghar,Jharkhand,24.505932,86.739903,Bank-Owned,Onsite,Indoor,Active,True,True,False,False,False,False,False,True,Bus_Stand,Semi-Urban
ATM_KOL_0277,State Bank of India,"Commercial Area Kiosk, Kolkata",Kolkata,Kolkata,West Bengal,22.549011,88.287025,Bank-Owned,Onsite,Indoor,Active,False,False,False,False,False,False,True,False,Commercial_Area,Urban
ATM_ALW_0278,HDFC Bank,"Commercial Area Kiosk, Alwar",Alwar,Alwar,Rajasthan,27.521336,76.695424,Bank-Owned,Offsite,Indoor,Active,True,True,False,False,False,False,True,True,Commercial_Area,Urban
ATM_DEL_0279,HDFC Bank,"Commercial Area Kiosk, Delhi",Delhi,Central Delhi,Delhi,28.615328,77.194589,Bank-Owned,Offsite,Indoor,Active,True,True,False,False,False,False,False,True,Commercial_Area,Urban
ATM_PAT_0280,State Bank of India,"Market Kiosk, Patna",Patna,Patna,Bihar,25.614018,85.120418,Bank-Owned,Onsite,Outdoor,Active,True,True,True,False,False,False,False,False,Market,Semi-Urban
ATM_PAT_0281,State Bank of India,"Commercial Area Kiosk, Patna",Patna,Patna,Bihar,25.570682,85.111021,Bank-Owned,Offsite,Outdoor,Active,True,True,False,False,False,False,True,True,Commercial_Area,Urban
ATM_PAT_0282,State Bank of India,"Railway Station Kiosk, Patna",Patna,Patna,Bihar,25.646246,85.129348,Brown-Label,Offsite,Indoor,Active,True,True,False,False,False,False,False,True,Railway_Station,Semi-Urban
ATM_DUM_0283,Canara Bank,"Commercial Area Kiosk, Dumka",Dumka,Dumka,Jharkhand,24.249636,87.261592,Bank-Owned,Offsite,Outdoor,Active,True,True,True,False,False,False,True,False,Commercial_Area,Urban
ATM_AGR_0284,Axis Bank,"Bus Stand Kiosk, Agra",Agra,Agra,Uttar Pradesh,27.163069,78.06409,Bank-Owned,Onsite,Indoor,Active,True,True,True,False,False,False,True,True,Bus_Stand,Semi-Urban
ATM_BHA_0285,ICICI Bank,"Bus Stand Kiosk, Bharatpur",Bharatpur,Bharatpur,Rajasthan,27.230518,77.453284,Brown-Label,Offsite,Outdoor,Active,True,True,True,False,False,False,True,True,Bus_Stand,Semi-Urban
ATM_DEL_0286,Kotak Mahindra Bank,"Market Kiosk, Delhi",Delhi,Central Delhi,Delhi,28.56026,77.214869,Bank-Owned,Offsite,Outdoor,Active,False,False,False,False,False,False,False,True,Market,Semi-Urban
ATM_MAT_0287,Punjab National Bank,"Shopping Mall Kiosk, Mathura",Mathura,Mathura,Uttar Pradesh,27.511786,77.685686,White-Label,Offsite,Indoor,Active,True,True,True,False,False,False,False,False,Shopping_Mall,Urban
ATM_MAT_0288,Kotak Mahindra Bank,"Airport Kiosk, Mathura",Mathura,Mathura,Uttar Pradesh,27.498795,77.698952,Brown-Label,Offsite,Indoor,Active,True,True,True,False,False,False,True,False,Airport,Urban
ATM_PAT_0289,ICICI Bank,"Commercial Area Kiosk, Patna",Patna,Patna,Bihar,25.641427,85.141266,Bank-Owned,Onsite,Indoor,Active,True,True,True,False,False,False,False,True,Commercial_Area,Urban
ATM_BAR_0290,HDFC Bank,"Shopping Mall Kiosk, Bardhaman",Bardhaman,Purba Bardhaman,West Bengal,23.194845,87.875409,White-Label,Onsite,Indoor,Active,True,False,False,False,False,False,False,True,Shopping_Mall,Urban
ATM_JAI_0291,HDFC Bank,"Bus Stand Kiosk, Jaipur",Jaipur,Jaipur,Rajasthan,26.949899,75.832467,Bank-Owned,Onsite,Indoor,Active,True,True,True,False,False,False,True,False,Bus_Stand,Semi-Urban
ATM_DHA_0292,Axis Bank,"Commercial Area Kiosk, Dhanbad",Dhanbad,Dhanbad,Jharkhand,23.768252,86.443516,Bank-Owned,Onsite,Indoor,Active,True,True,True,False,False,False,True,True,Commercial_Area,Urban
ATM_MAT_0293,Union Bank of India,"Commercial Area Kiosk, Mathura",Mathura,Mathura,Uttar Pradesh,27.496718,77.678724,Bank-Owned,Offsite,Indoor,Active,True,True,True,False,False,False,True,True,Commercial_Area,Urban
ATM_DEL_0294,HDFC Bank,"Shopping Mall Kiosk, Delhi",Delhi,Central Delhi,Delhi,28.680484,77.210808,Bank-Owned,Offsite,Indoor,Active,True,False,False,False,False,False,True,False,Shopping_Mall,Urban
ATM_PAT_0295,State Bank of India,"Market Kiosk, Patna",Patna,Patna,Bihar,25.585894,85.118023,Bank-Owned,Offsite,Indoor,Active,True,False,False,False,False,False,True,True,Market,Semi-Urban
ATM_PUN_0296,HDFC Bank,"Residential Kiosk, Punahana",Punahana,Nuh,Haryana,27.862707,77.202394,Bank-Owned,Offsite,Indoor,Degraded,False,False,False,False,False,False,False,True,Residential,Semi-Urban
ATM_DEL_0297,Canara Bank,"Shopping Mall Kiosk, Delhi",Delhi,Central Delhi,Delhi,28.585334,77.254393,Bank-Owned,Onsite,Indoor,Active,True,True,False,False,False,False,True,True,Shopping_Mall,Urban
ATM_ALW_0298,State Bank of India,"Bus Stand Kiosk, Alwar",Alwar,Alwar,Rajasthan,27.543121,76.654181,Bank-Owned,Offsite,Outdoor,Active,True,True,False,False,False,False,True,True,Bus_Stand,Semi-Urban
ATM_MAT_0299,HDFC Bank,"Market Kiosk, Mathura",Mathura,Mathura,Uttar Pradesh,27.454058,77.72303,Bank-Owned,Offsite,Outdoor,Active,True,True,True,False,False,False,True,False,Market,Semi-Urban
ATM_PUN_0300,State Bank of India,"Residential Kiosk, Punahana",Punahana,Nuh,Haryana,27.860423,77.206195,Bank-Owned,Offsite,Outdoor,Active,True,False,False,False,False,False,False,True,Residential,Semi-Urban
ATM_KOL_0301,ICICI Bank,"Commercial Area Kiosk, Kolkata",Kolkata,Kolkata,West Bengal,22.533574,88.38326,White-Label,Offsite,Indoor,Active,False,False,False,False,False,False,False,True,Commercial_Area,Urban
ATM_FAR_0302,HDFC Bank,"Shopping Mall Kiosk, Faridabad",Faridabad,Faridabad,Haryana,28.487968,77.380629,Bank-Owned,Onsite,Outdoor,Degraded,True,True,False,False,False,False,False,True,Shopping_Mall,Urban
ATM_MAT_0303,State Bank of India,"Bus Stand Kiosk, Mathura",Mathura,Mathura,Uttar Pradesh,27.536105,77.630727,White-Label,Offsite,Indoor,Active,True,True,True,False,False,False,True,False,Bus_Stand,Semi-Urban
ATM_DHA_0304,State Bank of India,"Railway Station Kiosk, Dhanbad",Dhanbad,Dhanbad,Jharkhand,23.784376,86.426315,Bank-Owned,Onsite,Outdoor,Active,True,False,False,False,False,False,True,True,Railway_Station,Semi-Urban
ATM_DEO_0305,Bank of Baroda,"Educational Area Kiosk, Deoghar",Deoghar,Deoghar,Jharkhand,24.506895,86.694246,Bank-Owned,Onsite,Indoor,Active,True,False,False,False,False,False,False,True,Educational_Area,Semi-Urban
ATM_ALW_0306,ICICI Bank,"Market Kiosk, Alwar",Alwar,Alwar,Rajasthan,27.55821,76.560577,Brown-Label,Offsite,Outdoor,Active,True,True,True,False,False,False,True,False,Market,Semi-Urban
ATM_BHA_0307,State Bank of India,"Highway Kiosk, Bharatpur",Bharatpur,Bharatpur,Rajasthan,27.315326,77.440075,White-Label,Onsite,Outdoor,Active,True,True,True,False,False,False,False,True,Highway,Semi-Urban
ATM_KOL_0308,Kotak Mahindra Bank,"Market Kiosk, Kolkata",Kolkata,Kolkata,West Bengal,22.54573,88.389282,Brown-Label,Offsite,Indoor,Active,True,True,False,False,False,False,False,True,Market,Semi-Urban
ATM_BAR_0309,Kotak Mahindra Bank,"Railway Station Kiosk, Bardhaman",Bardhaman,Purba Bardhaman,West Bengal,23.234204,87.891326,White-Label,Offsite,Indoor,Degraded,True,True,False,False,False,False,True,True,Railway_Station,Semi-Urban
ATM_ALW_0310,ICICI Bank,"Commercial Area Kiosk, Alwar",Alwar,Alwar,Rajasthan,27.573564,76.64019,White-Label,Offsite,Outdoor,Active,True,True,True,False,False,False,False,True,Commercial_Area,Urban
ATM_DEL_0311,IndusInd Bank,"Railway Station Kiosk, Delhi",Delhi,Central Delhi,Delhi,28.61198,77.208027,Bank-Owned,Onsite,Indoor,Active,True,False,False,False,False,False,True,False,Railway_Station,Semi-Urban
ATM_HOW_0312,Kotak Mahindra Bank,"Railway Station Kiosk, Howrah",Howrah,Howrah,West Bengal,22.599086,88.280443,Bank-Owned,Offsite,Indoor,Active,False,False,False,False,False,False,True,True,Railway_Station,Semi-Urban
ATM_DEL_0313,HDFC Bank,"Shopping Mall Kiosk, Delhi",Delhi,Central Delhi,Delhi,28.609874,77.284743,Bank-Owned,Offsite,Indoor,Active,False,False,False,False,False,False,True,False,Shopping_Mall,Urban
ATM_BAR_0314,HDFC Bank,"Residential Kiosk, Bardhaman",Bardhaman,Purba Bardhaman,West Bengal,23.315714,87.888213,Bank-Owned,Onsite,Indoor,Active,True,True,False,False,False,False,False,True,Residential,Semi-Urban
ATM_KOL_0315,HDFC Bank,"Market Kiosk, Kolkata",Kolkata,Kolkata,West Bengal,22.61947,88.419189,White-Label,Onsite,Indoor,Degraded,True,True,False,False,False,False,True,True,Market,Semi-Urban
ATM_ALW_0316,Punjab National Bank,"Commercial Area Kiosk, Alwar",Alwar,Alwar,Rajasthan,27.535251,76.603953,Bank-Owned,Onsite,Indoor,Active,True,True,True,False,False,False,True,True,Commercial_Area,Urban
ATM_AGR_0317,State Bank of India,"Railway Station Kiosk, Agra",Agra,Agra,Uttar Pradesh,27.162139,78.016587,Brown-Label,Offsite,Indoor,Degraded,True,True,False,False,False,False,True,True,Railway_Station,Semi-Urban
ATM_DHA_0318,Punjab National Bank,"Market Kiosk, Dhanbad",Dhanbad,Dhanbad,Jharkhand,23.877492,86.474913,Bank-Owned,Offsite,Indoor,Degraded,True,True,False,False,False,False,True,True,Market,Semi-Urban
ATM_DHA_0319,State Bank of India,"Commercial Area Kiosk, Dhanbad",Dhanbad,Dhanbad,Jharkhand,23.809984,86.392857,Bank-Owned,Offsite,Indoor,Active,True,False,False,False,False,False,True,True,Commercial_Area,Urban
ATM_PUN_0320,Kotak Mahindra Bank,"Railway Station Kiosk, Punahana",Punahana,Nuh,Haryana,27.830942,77.224147,Bank-Owned,Onsite,Outdoor,Active,True,False,False,False,False,False,False,False,Railway_Station,Semi-Urban
ATM_KAM_0321,Punjab National Bank,"Commercial Area Kiosk, Kaman",Kaman,Bharatpur,Rajasthan,27.68366,77.290616,Bank-Owned,Onsite,Outdoor,Active,True,True,True,False,False,False,True,True,Commercial_Area,Urban
ATM_MAT_0322,Canara Bank,"Residential Kiosk, Mathura",Mathura,Mathura,Uttar Pradesh,27.540142,77.645516,Brown-Label,Onsite,Outdoor,Active,True,False,False,False,False,False,True,True,Residential,Semi-Urban
ATM_BAR_0323,Canara Bank,"Commercial Area Kiosk, Bardhaman",Bardhaman,Purba Bardhaman,West Bengal,23.274419,87.875458,Bank-Owned,Offsite,Indoor,Active,True,True,False,False,False,False,True,False,Commercial_Area,Urban
ATM_DHA_0324,ICICI Bank,"Shopping Mall Kiosk, Dhanbad",Dhanbad,Dhanbad,Jharkhand,23.7995,86.458308,Bank-Owned,Onsite,Indoor,Active,True,False,False,False,False,False,False,True,Shopping_Mall,Urban
ATM_BHA_0325,HDFC Bank,"Commercial Area Kiosk, Bharatpur",Bharatpur,Bharatpur,Rajasthan,27.257158,77.518476,Bank-Owned,Onsite,Indoor,Active,True,True,False,False,False,False,True,False,Commercial_Area,Urban
ATM_JAI_0326,HDFC Bank,"Commercial Area Kiosk, Jaipur",Jaipur,Jaipur,Rajasthan,26.964969,75.804069,Bank-Owned,Onsite,Indoor,Active,True,True,False,False,False,False,False,False,Commercial_Area,Urban
ATM_BAR_0327,ICICI Bank,"Railway Station Kiosk, Bardhaman",Bardhaman,Purba Bardhaman,West Bengal,23.241552,87.837998,Bank-Owned,Offsite,Outdoor,Active,True,False,False,False,False,False,True,True,Railway_Station,Semi-Urban
ATM_PAT_0328,HDFC Bank,"Market Kiosk, Patna",Patna,Patna,Bihar,25.565873,85.155861,Bank-Owned,Offsite,Outdoor,Active,True,True,True,False,False,False,False,True,Market,Semi-Urban
ATM_ALW_0329,HDFC Bank,"Market Kiosk, Alwar",Alwar,Alwar,Rajasthan,27.584964,76.639762,Bank-Owned,Onsite,Outdoor,Active,True,True,False,False,False,False,True,False,Market,Semi-Urban
ATM_HOW_0330,ICICI Bank,"Shopping Mall Kiosk, Howrah",Howrah,Howrah,West Bengal,22.566189,88.260918,Bank-Owned,Offsite,Outdoor,Degraded,True,False,False,False,False,False,True,True,Shopping_Mall,Urban
ATM_DEL_0331,Union Bank of India,"Commercial Area Kiosk, Delhi",Delhi,Central Delhi,Delhi,28.649082,77.178949,White-Label,Onsite,Indoor,Active,True,True,False,False,False,False,True,True,Commercial_Area,Urban
ATM_NAL_0332,State Bank of India,"Railway Station Kiosk, Nalanda",Nalanda,Nalanda,Bihar,25.158867,85.502806,Bank-Owned,Onsite,Outdoor,Active,True,True,False,False,False,False,True,True,Railway_Station,Semi-Urban
ATM_ALW_0333,State Bank of India,"Airport Kiosk, Alwar",Alwar,Alwar,Rajasthan,27.527773,76.674809,Bank-Owned,Onsite,Indoor,Active,True,False,False,False,False,False,True,True,Airport,Urban
ATM_PAT_0334,State Bank of India,"Railway Station Kiosk, Patna",Patna,Patna,Bihar,25.663266,85.132917,White-Label,Offsite,Outdoor,Active,True,True,True,False,False,False,True,True,Railway_Station,Semi-Urban
ATM_DEL_0335,Canara Bank,"Commercial Area Kiosk, Delhi",Delhi,Central Delhi,Delhi,28.592516,77.162721,White-Label,Offsite,Indoor,Active,True,True,True,False,False,False,False,False,Commercial_Area,Urban
ATM_MAT_0336,HDFC Bank,"Shopping Mall Kiosk, Mathura",Mathura,Mathura,Uttar Pradesh,27.55016,77.674809,Bank-Owned,Offsite,Indoor,Active,True,True,False,False,False,False,True,False,Shopping_Mall,Urban
ATM_NAL_0337,ICICI Bank,"Shopping Mall Kiosk, Nalanda",Nalanda,Nalanda,Bihar,25.114146,85.480488,White-Label,Onsite,Outdoor,Degraded,False,False,False,False,False,False,True,True,Shopping_Mall,Urban
ATM_ALW_0338,Canara Bank,"Market Kiosk, Alwar",Alwar,Alwar,Rajasthan,27.595809,76.672621,Bank-Owned,Offsite,Indoor,Active,True,True,False,False,False,False,True,True,Market,Semi-Urban
ATM_PUN_0339,State Bank of India,"Highway Kiosk, Punahana",Punahana,Nuh,Haryana,27.844756,77.166293,Bank-Owned,Offsite,Indoor,Active,True,True,False,False,False,False,True,True,Highway,Semi-Urban
ATM_BHA_0340,State Bank of India,"Market Kiosk, Bharatpur",Bharatpur,Bharatpur,Rajasthan,27.181386,77.522082,Bank-Owned,Offsite,Indoor,Active,True,False,False,False,False,False,True,True,Market,Semi-Urban
ATM_KOL_0341,HDFC Bank,"Bus Stand Kiosk, Kolkata",Kolkata,Kolkata,West Bengal,22.63121,88.363262,Brown-Label,Offsite,Outdoor,Active,True,True,True,False,False,False,False,False,Bus_Stand,Semi-Urban
ATM_MAT_0342,ICICI Bank,"Educational Area Kiosk, Mathura",Mathura,Mathura,Uttar Pradesh,27.522219,77.675708,Brown-Label,Offsite,Indoor,Active,True,True,False,False,False,False,True,True,Educational_Area,Semi-Urban
ATM_PUN_0343,State Bank of India,"Highway Kiosk, Punahana",Punahana,Nuh,Haryana,27.837846,77.17812,Bank-Owned,Offsite,Indoor,Active,True,True,False,False,False,False,True,False,Highway,Semi-Urban
ATM_AGR_0344,HDFC Bank,"Bus Stand Kiosk, Agra",Agra,Agra,Uttar Pradesh,27.098455,78.026327,Bank-Owned,Offsite,Outdoor,Active,True,False,False,False,False,False,False,True,Bus_Stand,Semi-Urban
ATM_KAM_0345,Bank of Baroda,"Shopping Mall Kiosk, Kaman",Kaman,Bharatpur,Rajasthan,27.649312,77.298028,Bank-Owned,Onsite,Indoor,Degraded,True,True,True,False,False,False,True,False,Shopping_Mall,Urban
ATM_KOL_0346,Canara Bank,"Commercial Area Kiosk, Kolkata",Kolkata,Kolkata,West Bengal,22.523801,88.347493,Bank-Owned,Offsite,Indoor,Active,True,True,False,False,False,False,False,True,Commercial_Area,Urban
ATM_BHA_0347,ICICI Bank,"Bus Stand Kiosk, Bharatpur",Bharatpur,Bharatpur,Rajasthan,27.209737,77.570314,White-Label,Offsite,Indoor,Active,True,True,True,False,False,False,False,True,Bus_Stand,Semi-Urban
ATM_ALW_0348,Bank of Baroda,"Market Kiosk, Alwar",Alwar,Alwar,Rajasthan,27.58053,76.673483,Bank-Owned,Onsite,Indoor,Active,True,True,False,False,False,False,False,True,Market,Semi-Urban
ATM_ALW_0349,HDFC Bank,"Commercial Area Kiosk, Alwar",Alwar,Alwar,Rajasthan,27.523643,76.64634,Bank-Owned,Onsite,Indoor,Active,True,True,True,False,False,False,True,True,Commercial_Area,Urban
ATM_PAT_0350,HDFC Bank,"Educational Area Kiosk, Patna",Patna,Patna,Bihar,25.607995,85.120508,Brown-Label,Offsite,Indoor,Active,True,True,True,False,False,False,False,True,Educational_Area,Semi-Urban
ATM_KOL_0351,HDFC Bank,"Shopping Mall Kiosk, Kolkata",Kolkata,Kolkata,West Bengal,22.612616,88.31146,Bank-Owned,Offsite,Outdoor,Active,True,False,False,False,False,False,False,False,Shopping_Mall,Urban
ATM_GUR_0352,Union Bank of India,"Commercial Area Kiosk, Gurgaon/Gurugram",Gurgaon/Gurugram,Gurugram,Haryana,28.437817,77.040542,Bank-Owned,Offsite,Outdoor,Active,True,True,True,False,False,False,True,True,Commercial_Area,Urban
ATM_DEL_0353,Kotak Mahindra Bank,"Commercial Area Kiosk, Delhi",Delhi,Central Delhi,Delhi,28.638486,77.236018,Bank-Owned,Offsite,Outdoor,Active,True,False,False,False,False,False,False,False,Commercial_Area,Urban
ATM_PAT_0354,ICICI Bank,"Market Kiosk, Patna",Patna,Patna,Bihar,25.62447,85.139285,Bank-Owned,Onsite,Outdoor,Active,True,True,True,False,False,False,True,False,Market,Semi-Urban
ATM_NAL_0355,ICICI Bank,"Railway Station Kiosk, Nalanda",Nalanda,Nalanda,Bihar,25.121509,85.441554,Bank-Owned,Offsite,Indoor,Active,True,True,True,False,False,False,True,False,Railway_Station,Semi-Urban
ATM_MAT_0356,HDFC Bank,"Highway Kiosk, Mathura",Mathura,Mathura,Uttar Pradesh,27.485616,77.705259,Bank-Owned,Offsite,Indoor,Active,False,False,False,False,False,False,True,False,Highway,Semi-Urban
ATM_PAT_0357,ICICI Bank,"Commercial Area Kiosk, Patna",Patna,Patna,Bihar,25.587721,85.122188,Bank-Owned,Onsite,Indoor,Active,True,False,False,False,False,False,False,False,Commercial_Area,Urban
ATM_KOL_0358,Axis Bank,"Commercial Area Kiosk, Kolkata",Kolkata,Kolkata,West Bengal,22.540877,88.373509,White-Label,Onsite,Outdoor,Active,True,True,True,False,False,False,False,True,Commercial_Area,Urban
ATM_ALW_0359,State Bank of India,"Commercial Area Kiosk, Alwar",Alwar,Alwar,Rajasthan,27.507803,76.579419,White-Label,Offsite,Indoor,Active,True,True,True,False,False,False,True,False,Commercial_Area,Urban
ATM_DHA_0360,State Bank of India,"Shopping Mall Kiosk, Dhanbad",Dhanbad,Dhanbad,Jharkhand,23.796524,86.511103,White-Label,Onsite,Indoor,Active,True,True,True,False,False,False,False,True,Shopping_Mall,Urban
ATM_DEL_0361,ICICI Bank,"Commercial Area Kiosk, Delhi",Delhi,Central Delhi,Delhi,28.626913,77.19937,White-Label,Onsite,Indoor,Active,True,True,True,False,False,True,True,False,Commercial_Area,Urban
ATM_KOL_0362,State Bank of India,"Railway Station Kiosk, Kolkata",Kolkata,Kolkata,West Bengal,22.587153,88.379363,Bank-Owned,Onsite,Indoor,Active,True,True,True,False,False,False,True,False,Railway_Station,Semi-Urban
ATM_ALW_0363,Kotak Mahindra Bank,"Commercial Area Kiosk, Alwar",Alwar,Alwar,Rajasthan,27.554042,76.602371,Bank-Owned,Onsite,Indoor,Active,True,True,False,False,False,False,True,False,Commercial_Area,Urban
ATM_JAI_0364,State Bank of India,"Market Kiosk, Jaipur",Jaipur,Jaipur,Rajasthan,26.869141,75.791353,Bank-Owned,Offsite,Outdoor,Active,True,True,True,False,False,False,False,True,Market,Semi-Urban
ATM_AGR_0365,HDFC Bank,"Commercial Area Kiosk, Agra",Agra,Agra,Uttar Pradesh,27.217702,77.98,Brown-Label,Offsite,Indoor,Active,True,True,False,False,False,False,False,True,Commercial_Area,Urban
ATM_ALW_0366,ICICI Bank,"Residential Kiosk, Alwar",Alwar,Alwar,Rajasthan,27.579488,76.639725,Bank-Owned,Offsite,Indoor,Active,True,True,True,False,False,False,True,True,Residential,Semi-Urban
ATM_PAT_0367,State Bank of India,"Airport Kiosk, Patna",Patna,Patna,Bihar,25.602411,85.097824,White-Label,Offsite,Indoor,Active,True,True,False,False,False,False,False,True,Airport,Urban
ATM_KOL_0368,ICICI Bank,"Railway Station Kiosk, Kolkata",Kolkata,Kolkata,West Bengal,22.550767,88.276998,Brown-Label,Onsite,Outdoor,Active,True,True,True,False,False,False,True,False,Railway_Station,Semi-Urban
ATM_DEL_0369,HDFC Bank,"Railway Station Kiosk, Delhi",Delhi,Central Delhi,Delhi,28.605531,77.20614,Bank-Owned,Offsite,Indoor,Active,True,True,False,False,False,False,True,True,Railway_Station,Semi-Urban
ATM_PAT_0370,State Bank of India,"Railway Station Kiosk, Patna",Patna,Patna,Bihar,25.528794,85.204258,White-Label,Offsite,Indoor,Active,True,True,True,False,False,False,False,True,Railway_Station,Semi-Urban
ATM_BHA_0371,State Bank of India,"Railway Station Kiosk, Bharatpur",Bharatpur,Bharatpur,Rajasthan,27.204493,77.491373,Bank-Owned,Offsite,Outdoor,Degraded,True,False,False,False,False,False,True,True,Railway_Station,Semi-Urban
ATM_ALW_0372,Canara Bank,"Market Kiosk, Alwar",Alwar,Alwar,Rajasthan,27.607936,76.708598,White-Label,Offsite,Indoor,Active,True,False,False,False,False,False,True,True,Market,Semi-Urban
ATM_ALW_0373,ICICI Bank,"Bus Stand Kiosk, Alwar",Alwar,Alwar,Rajasthan,27.521173,76.615593,Bank-Owned,Offsite,Indoor,Active,True,True,True,False,False,False,True,True,Bus_Stand,Semi-Urban
ATM_MAT_0374,Axis Bank,"Railway Station Kiosk, Mathura",Mathura,Mathura,Uttar Pradesh,27.525323,77.714105,White-Label,Onsite,Indoor,Active,True,True,False,False,False,False,True,False,Railway_Station,Semi-Urban
ATM_ALW_0375,Axis Bank,"Highway Kiosk, Alwar",Alwar,Alwar,Rajasthan,27.572016,76.653315,Bank-Owned,Offsite,Outdoor,Active,True,True,False,False,False,False,False,True,Highway,Semi-Urban
ATM_BAR_0376,Punjab National Bank,"Commercial Area Kiosk, Bardhaman",Bardhaman,Purba Bardhaman,West Bengal,23.234757,87.825759,Bank-Owned,Onsite,Indoor,Active,True,False,False,False,False,False,False,False,Commercial_Area,Urban
ATM_KOL_0377,ICICI Bank,"Railway Station Kiosk, Kolkata",Kolkata,Kolkata,West Bengal,22.579485,88.397701,Brown-Label,Onsite,Outdoor,Active,True,True,True,False,False,False,True,True,Railway_Station,Semi-Urban
ATM_BAR_0378,Punjab National Bank,"Commercial Area Kiosk, Bardhaman",Bardhaman,Purba Bardhaman,West Bengal,23.199087,87.865766,Bank-Owned,Onsite,Outdoor,Active,True,True,True,False,False,False,True,False,Commercial_Area,Urban
ATM_DEL_0379,State Bank of India,"Bus Stand Kiosk, Delhi",Delhi,Central Delhi,Delhi,28.630526,77.155408,Bank-Owned,Offsite,Outdoor,Active,True,False,False,False,False,False,True,False,Bus_Stand,Semi-Urban
ATM_DHA_0380,ICICI Bank,"Market Kiosk, Dhanbad",Dhanbad,Dhanbad,Jharkhand,23.852208,86.461266,Bank-Owned,Offsite,Indoor,Active,True,False,False,False,False,False,False,False,Market,Semi-Urban
ATM_GUR_0381,Kotak Mahindra Bank,"Market Kiosk, Gurgaon/Gurugram",Gurgaon/Gurugram,Gurugram,Haryana,28.420081,77.013726,Bank-Owned,Onsite,Indoor,Active,True,False,False,False,False,False,False,True,Market,Semi-Urban
ATM_DHA_0382,Bank of Baroda,"Commercial Area Kiosk, Dhanbad",Dhanbad,Dhanbad,Jharkhand,23.856794,86.452829,Bank-Owned,Offsite,Indoor,Active,True,False,False,False,False,False,False,True,Commercial_Area,Urban
ATM_ALW_0383,HDFC Bank,"Bus Stand Kiosk, Alwar",Alwar,Alwar,Rajasthan,27.569659,76.674777,Bank-Owned,Onsite,Indoor,Active,True,True,True,False,False,False,True,True,Bus_Stand,Semi-Urban
ATM_DEL_0384,State Bank of India,"Shopping Mall Kiosk, Delhi",Delhi,Central Delhi,Delhi,28.628168,77.194781,White-Label,Offsite,Indoor,Active,False,False,False,False,False,False,False,False,Shopping_Mall,Urban
ATM_GUR_0385,Union Bank of India,"Bus Stand Kiosk, Gurgaon/Gurugram",Gurgaon/Gurugram,Gurugram,Haryana,28.434504,77.111732,Brown-Label,Offsite,Indoor,Active,True,True,True,False,False,False,True,False,Bus_Stand,Semi-Urban
ATM_BAR_0386,HDFC Bank,"Shopping Mall Kiosk, Bardhaman",Bardhaman,Purba Bardhaman,West Bengal,23.194208,87.830733,Bank-Owned,Onsite,Indoor,Active,True,True,False,False,False,False,False,True,Shopping_Mall,Urban
ATM_KAM_0387,State Bank of India,"Shopping Mall Kiosk, Kaman",Kaman,Bharatpur,Rajasthan,27.599065,77.25548,Brown-Label,Offsite,Indoor,Active,True,True,True,False,False,False,True,False,Shopping_Mall,Urban
ATM_PAT_0388,Punjab National Bank,"Commercial Area Kiosk, Patna",Patna,Patna,Bihar,25.588192,85.137727,Bank-Owned,Offsite,Indoor,Active,True,True,True,False,False,False,True,True,Commercial_Area,Urban
ATM_DHA_0389,ICICI Bank,"Market Kiosk, Dhanbad",Dhanbad,Dhanbad,Jharkhand,23.817516,86.477251,Bank-Owned,Onsite,Indoor,Active,True,True,True,False,False,False,False,True,Market,Semi-Urban
ATM_AGR_0390,State Bank of India,"Other Kiosk, Agra",Agra,Agra,Uttar Pradesh,27.196076,78.002218,White-Label,Onsite,Indoor,Active,True,True,True,False,False,False,False,False,Other,Semi-Urban
ATM_DEO_0391,Punjab National Bank,"Commercial Area Kiosk, Deoghar",Deoghar,Deoghar,Jharkhand,24.459014,86.718974,Bank-Owned,Offsite,Outdoor,Active,True,True,False,False,False,False,True,True,Commercial_Area,Urban
ATM_ALW_0392,State Bank of India,"Residential Kiosk, Alwar",Alwar,Alwar,Rajasthan,27.564551,76.604934,Bank-Owned,Onsite,Indoor,Active,True,True,True,False,False,False,True,True,Residential,Semi-Urban
ATM_DHA_0393,State Bank of India,"Market Kiosk, Dhanbad",Dhanbad,Dhanbad,Jharkhand,23.773272,86.453945,Bank-Owned,Onsite,Indoor,Active,True,True,False,False,False,False,True,True,Market,Semi-Urban
ATM_NAL_0394,HDFC Bank,"Shopping Mall Kiosk, Nalanda",Nalanda,Nalanda,Bihar,25.15676,85.424753,Bank-Owned,Offsite,Indoor,Active,False,False,False,False,False,False,True,True,Shopping_Mall,Urban
ATM_DEL_0395,HDFC Bank,"Market Kiosk, Delhi",Delhi,Central Delhi,Delhi,28.672845,77.195143,Bank-Owned,Offsite,Outdoor,Active,True,True,True,False,False,True,True,False,Market,Semi-Urban
ATM_DEL_0396,Axis Bank,"Educational Area Kiosk, Delhi",Delhi,Central Delhi,Delhi,28.552552,77.222529,Bank-Owned,Offsite,Indoor,Active,True,False,False,False,False,False,True,True,Educational_Area,Semi-Urban
ATM_DHA_0397,HDFC Bank,"Market Kiosk, Dhanbad",Dhanbad,Dhanbad,Jharkhand,23.757103,86.470748,Bank-Owned,Offsite,Indoor,Active,True,True,False,False,False,False,True,False,Market,Semi-Urban
ATM_KOL_0398,Axis Bank,"Commercial Area Kiosk, Kolkata",Kolkata,Kolkata,West Bengal,22.542146,88.342695,Bank-Owned,Onsite,Outdoor,Active,False,False,False,False,False,False,True,True,Commercial_Area,Urban
ATM_KOL_0399,Kotak Mahindra Bank,"Highway Kiosk, Kolkata",Kolkata,Kolkata,West Bengal,22.563944,88.392054,Bank-Owned,Onsite,Indoor,Active,True,True,True,False,False,False,True,True,Highway,Semi-Urban
ATM_ALW_0400,State Bank of India,"Residential Kiosk, Alwar",Alwar,Alwar,Rajasthan,27.603232,76.607791,Bank-Owned,Onsite,Outdoor,Degraded,True,True,False,False,False,False,False,True,Residential,Semi-Urban
ATM_KOL_0401,Punjab National Bank,"Shopping Mall Kiosk, Kolkata",Kolkata,Kolkata,West Bengal,22.547813,88.36333,Bank-Owned,Offsite,Outdoor,Active,True,True,False,False,False,False,True,True,Shopping_Mall,Urban
ATM_PUN_0402,State Bank of India,"Railway Station Kiosk, Punahana",Punahana,Nuh,Haryana,27.855762,77.241692,Bank-Owned,Onsite,Indoor,Degraded,False,False,False,False,False,False,False,True,Railway_Station,Semi-Urban
ATM_DUM_0403,State Bank of India,"Commercial Area Kiosk, Dumka",Dumka,Dumka,Jharkhand,24.252777,87.244521,Brown-Label,Onsite,Indoor,Active,True,True,True,False,False,False,True,False,Commercial_Area,Urban
ATM_DEL_0404,ICICI Bank,"Market Kiosk, Delhi",Delhi,Central Delhi,Delhi,28.547212,77.191201,White-Label,Offsite,Indoor,Active,True,True,False,False,False,False,True,True,Market,Semi-Urban
ATM_BAR_0405,Kotak Mahindra Bank,"Shopping Mall Kiosk, Bardhaman",Bardhaman,Purba Bardhaman,West Bengal,23.261744,87.882615,White-Label,Onsite,Outdoor,Degraded,False,False,False,False,False,False,True,True,Shopping_Mall,Urban
ATM_DEL_0406,State Bank of India,"Highway Kiosk, Delhi",Delhi,Central Delhi,Delhi,28.587298,77.185871,Brown-Label,Offsite,Indoor,Active,True,False,False,False,False,False,False,False,Highway,Semi-Urban
ATM_BHA_0407,State Bank of India,"Highway Kiosk, Bharatpur",Bharatpur,Bharatpur,Rajasthan,27.135703,77.511036,Bank-Owned,Offsite,Indoor,Active,True,False,False,False,False,False,True,True,Highway,Semi-Urban
ATM_KOL_0408,HDFC Bank,"Shopping Mall Kiosk, Kolkata",Kolkata,Kolkata,West Bengal,22.477595,88.319261,Brown-Label,Offsite,Outdoor,Active,True,True,False,False,False,False,True,True,Shopping_Mall,Urban
ATM_DEL_0409,Axis Bank,"Commercial Area Kiosk, Delhi",Delhi,Central Delhi,Delhi,28.630657,77.177554,Bank-Owned,Offsite,Indoor,Active,True,True,False,False,False,False,True,True,Commercial_Area,Urban
ATM_KOL_0410,Punjab National Bank,"Commercial Area Kiosk, Kolkata",Kolkata,Kolkata,West Bengal,22.612633,88.37661,Bank-Owned,Offsite,Indoor,Active,True,False,False,False,False,False,True,True,Commercial_Area,Urban
ATM_KAM_0411,HDFC Bank,"Shopping Mall Kiosk, Kaman",Kaman,Bharatpur,Rajasthan,27.653535,77.270548,Bank-Owned,Onsite,Indoor,Active,True,True,False,False,False,False,True,False,Shopping_Mall,Urban
ATM_PUN_0412,Bank of Baroda,"Market Kiosk, Punahana",Punahana,Nuh,Haryana,27.85695,77.218681,White-Label,Onsite,Indoor,Degraded,True,False,False,False,False,False,False,True,Market,Semi-Urban
ATM_DEO_0413,State Bank of India,"Shopping Mall Kiosk, Deoghar",Deoghar,Deoghar,Jharkhand,24.472063,86.761611,Bank-Owned,Offsite,Outdoor,Active,True,True,True,False,False,False,False,True,Shopping_Mall,Urban
ATM_NAL_0414,State Bank of India,"Bus Stand Kiosk, Nalanda",Nalanda,Nalanda,Bihar,25.099305,85.44452,Bank-Owned,Onsite,Outdoor,Active,True,False,False,False,False,False,True,True,Bus_Stand,Semi-Urban
ATM_DEL_0415,Axis Bank,"Commercial Area Kiosk, Delhi",Delhi,Central Delhi,Delhi,28.639944,77.170938,Bank-Owned,Onsite,Outdoor,Active,True,True,False,False,False,False,True,False,Commercial_Area,Urban
ATM_ALW_0416,IndusInd Bank,"Shopping Mall Kiosk, Alwar",Alwar,Alwar,Rajasthan,27.561554,76.622708,Bank-Owned,Offsite,Indoor,Active,True,True,True,False,False,False,False,True,Shopping_Mall,Urban
ATM_ALW_0417,Union Bank of India,"Shopping Mall Kiosk, Alwar",Alwar,Alwar,Rajasthan,27.590821,76.640791,Bank-Owned,Offsite,Indoor,Active,False,False,False,False,False,False,True,False,Shopping_Mall,Urban
ATM_NAL_0418,Punjab National Bank,"Railway Station Kiosk, Nalanda",Nalanda,Nalanda,Bihar,25.127504,85.439943,White-Label,Offsite,Indoor,Active,True,False,False,False,False,False,False,True,Railway_Station,Semi-Urban
ATM_DEL_0419,Canara Bank,"Railway Station Kiosk, Delhi",Delhi,Central Delhi,Delhi,28.575932,77.233415,Bank-Owned,Onsite,Indoor,Active,True,False,False,False,False,False,False,False,Railway_Station,Semi-Urban
ATM_JAI_0420,Bank of Baroda,"Commercial Area Kiosk, Jaipur",Jaipur,Jaipur,Rajasthan,26.881039,75.839313,Bank-Owned,Onsite,Indoor,Active,False,False,False,False,False,False,True,True,Commercial_Area,Urban
ATM_NAL_0421,ICICI Bank,"Airport Kiosk, Nalanda",Nalanda,Nalanda,Bihar,25.104138,85.489418,Bank-Owned,Onsite,Indoor,Active,True,False,False,False,False,False,True,False,Airport,Urban
ATM_KAM_0422,Punjab National Bank,"Educational Area Kiosk, Kaman",Kaman,Bharatpur,Rajasthan,27.657833,77.313554,White-Label,Offsite,Indoor,Active,True,True,True,False,False,False,True,True,Educational_Area,Semi-Urban
ATM_AGR_0423,Kotak Mahindra Bank,"Commercial Area Kiosk, Agra",Agra,Agra,Uttar Pradesh,27.205564,78.030635,White-Label,Onsite,Indoor,Active,True,True,True,False,False,False,True,False,Commercial_Area,Urban
ATM_KOL_0424,State Bank of India,"Commercial Area Kiosk, Kolkata",Kolkata,Kolkata,West Bengal,22.601116,88.361248,Bank-Owned,Onsite,Indoor,Active,True,False,False,False,False,False,False,True,Commercial_Area,Urban
ATM_GUR_0425,State Bank of India,"Residential Kiosk, Gurgaon/Gurugram",Gurgaon/Gurugram,Gurugram,Haryana,28.449448,77.017876,White-Label,Offsite,Outdoor,Active,True,True,True,False,False,False,True,True,Residential,Semi-Urban
ATM_KOL_0426,HDFC Bank,"Shopping Mall Kiosk, Kolkata",Kolkata,Kolkata,West Bengal,22.607006,88.344368,Brown-Label,Offsite,Outdoor,Active,True,False,False,False,False,False,False,True,Shopping_Mall,Urban
ATM_JAI_0427,HDFC Bank,"Commercial Area Kiosk, Jaipur",Jaipur,Jaipur,Rajasthan,26.949828,75.79545,Brown-Label,Offsite,Outdoor,Active,False,False,False,False,False,False,False,True,Commercial_Area,Urban
ATM_PUN_0428,Canara Bank,"Commercial Area Kiosk, Punahana",Punahana,Nuh,Haryana,27.804274,77.201295,Bank-Owned,Offsite,Indoor,Degraded,True,True,False,False,False,False,True,True,Commercial_Area,Urban
ATM_ALW_0429,Bank of Baroda,"Bus Stand Kiosk, Alwar",Alwar,Alwar,Rajasthan,27.581459,76.609858,Bank-Owned,Offsite,Indoor,Active,True,True,True,False,False,False,False,False,Bus_Stand,Semi-Urban
ATM_DEL_0430,IndusInd Bank,"Airport Kiosk, Delhi",Delhi,Central Delhi,Delhi,28.636253,77.187746,Bank-Owned,Offsite,Indoor,Active,True,True,False,False,False,False,True,True,Airport,Urban
ATM_DEL_0431,ICICI Bank,"Market Kiosk, Delhi",Delhi,Central Delhi,Delhi,28.605579,77.150613,Bank-Owned,Onsite,Indoor,Active,True,True,True,False,False,False,True,True,Market,Semi-Urban
ATM_AGR_0432,State Bank of India,"Commercial Area Kiosk, Agra",Agra,Agra,Uttar Pradesh,27.134651,77.989089,Bank-Owned,Onsite,Indoor,Active,False,False,False,False,False,False,True,True,Commercial_Area,Urban
ATM_PAT_0433,Bank of Baroda,"Market Kiosk, Patna",Patna,Patna,Bihar,25.543753,85.151732,Brown-Label,Onsite,Outdoor,Active,False,False,False,False,False,False,True,False,Market,Semi-Urban
ATM_KAM_0434,Canara Bank,"Market Kiosk, Kaman",Kaman,Bharatpur,Rajasthan,27.723612,77.181039,White-Label,Offsite,Outdoor,Active,True,True,False,False,False,False,False,False,Market,Semi-Urban
ATM_PAT_0435,Canara Bank,"Residential Kiosk, Patna",Patna,Patna,Bihar,25.596947,85.160249,Bank-Owned,Offsite,Indoor,Active,True,True,True,False,False,True,False,False,Residential,Semi-Urban
ATM_KOL_0436,State Bank of India,"Highway Kiosk, Kolkata",Kolkata,Kolkata,West Bengal,22.604156,88.328559,White-Label,Onsite,Outdoor,Active,True,True,False,False,False,False,False,False,Highway,Semi-Urban
ATM_PUN_0437,ICICI Bank,"Market Kiosk, Punahana",Punahana,Nuh,Haryana,27.821169,77.247041,White-Label,Offsite,Indoor,Active,True,False,False,False,False,False,False,True,Market,Semi-Urban
ATM_ALW_0438,HDFC Bank,"Shopping Mall Kiosk, Alwar",Alwar,Alwar,Rajasthan,27.500145,76.644077,White-Label,Offsite,Indoor,Active,False,False,False,False,False,False,True,True,Shopping_Mall,Urban
ATM_BHA_0439,State Bank of India,"Market Kiosk, Bharatpur",Bharatpur,Bharatpur,Rajasthan,27.251296,77.523247,Bank-Owned,Offsite,Outdoor,Active,True,False,False,False,False,False,False,True,Market,Semi-Urban
ATM_KOL_0440,Bank of Baroda,"Shopping Mall Kiosk, Kolkata",Kolkata,Kolkata,West Bengal,22.60986,88.363483,Bank-Owned,Offsite,Indoor,Degraded,True,True,False,False,False,False,True,True,Shopping_Mall,Urban
ATM_DEL_0441,Bank of Baroda,"Market Kiosk, Delhi",Delhi,Central Delhi,Delhi,28.645254,77.207206,Bank-Owned,Offsite,Indoor,Active,True,True,True,False,False,False,True,True,Market,Semi-Urban
ATM_KOL_0442,HDFC Bank,"Market Kiosk, Kolkata",Kolkata,Kolkata,West Bengal,22.540001,88.378366,White-Label,Offsite,Indoor,Active,False,False,False,False,False,False,False,True,Market,Semi-Urban
ATM_BHA_0443,Axis Bank,"Market Kiosk, Bharatpur",Bharatpur,Bharatpur,Rajasthan,27.158932,77.461359,Bank-Owned,Offsite,Indoor,Active,True,True,False,False,False,False,True,False,Market,Semi-Urban
ATM_DUM_0444,State Bank of India,"Railway Station Kiosk, Dumka",Dumka,Dumka,Jharkhand,24.336518,87.233542,Bank-Owned,Onsite,Indoor,Active,True,True,True,False,False,False,True,True,Railway_Station,Semi-Urban
ATM_AGR_0445,HDFC Bank,"Bus Stand Kiosk, Agra",Agra,Agra,Uttar Pradesh,27.166549,78.026632,White-Label,Offsite,Outdoor,Active,True,True,False,False,False,False,False,True,Bus_Stand,Semi-Urban
ATM_PUN_0446,State Bank of India,"Railway Station Kiosk, Punahana",Punahana,Nuh,Haryana,27.878708,77.252012,Bank-Owned,Onsite,Outdoor,Active,True,True,True,False,False,False,True,True,Railway_Station,Semi-Urban
ATM_DEL_0447,HDFC Bank,"Airport Kiosk, Delhi",Delhi,Central Delhi,Delhi,28.683548,77.16695,Brown-Label,Onsite,Indoor,Active,True,True,True,False,False,False,True,True,Airport,Urban
ATM_KOL_0448,ICICI Bank,"Railway Station Kiosk, Kolkata",Kolkata,Kolkata,West Bengal,22.626287,88.371316,Brown-Label,Offsite,Outdoor,Active,True,True,True,False,False,False,False,False,Railway_Station,Semi-Urban
ATM_BHA_0449,Bank of Baroda,"Other Kiosk, Bharatpur",Bharatpur,Bharatpur,Rajasthan,27.2297,77.505287,Bank-Owned,Onsite,Indoor,Active,True,True,False,False,False,False,False,True,Other,Semi-Urban
ATM_DEL_0450,State Bank of India,"Residential Kiosk, Delhi",Delhi,Central Delhi,Delhi,28.66046,77.206621,Bank-Owned,Offsite,Outdoor,Active,True,True,True,False,False,False,False,False,Residential,Semi-Urban
ATM_DEL_0451,State Bank of India,"Shopping Mall Kiosk, Delhi",Delhi,Central Delhi,Delhi,28.65407,77.256999,Bank-Owned,Onsite,Outdoor,Active,True,False,False,False,False,False,True,True,Shopping_Mall,Urban
ATM_KOL_0452,Bank of Baroda,"Residential Kiosk, Kolkata",Kolkata,Kolkata,West Bengal,22.597392,88.369374,Bank-Owned,Offsite,Outdoor,Active,False,False,False,False,False,False,True,True,Residential,Semi-Urban
ATM_BAR_0453,HDFC Bank,"Commercial Area Kiosk, Bardhaman",Bardhaman,Purba Bardhaman,West Bengal,23.229122,87.8955,Bank-Owned,Offsite,Outdoor,Active,True,True,False,False,False,False,False,False,Commercial_Area,Urban
ATM_DEL_0454,State Bank of India,"Railway Station Kiosk, Delhi",Delhi,Central Delhi,Delhi,28.617194,77.19275,Bank-Owned,Onsite,Indoor,Active,True,True,False,False,False,False,True,False,Railway_Station,Semi-Urban
ATM_MAT_0455,State Bank of India,"Market Kiosk, Mathura",Mathura,Mathura,Uttar Pradesh,27.52566,77.638175,Brown-Label,Offsite,Outdoor,Active,True,True,False,False,False,False,False,True,Market,Semi-Urban
ATM_DEO_0456,Axis Bank,"Residential Kiosk, Deoghar",Deoghar,Deoghar,Jharkhand,24.415583,86.666217,Bank-Owned,Offsite,Indoor,Active,True,True,False,False,False,False,True,False,Residential,Semi-Urban
ATM_BHA_0457,ICICI Bank,"Market Kiosk, Bharatpur",Bharatpur,Bharatpur,Rajasthan,27.220035,77.457733,Bank-Owned,Offsite,Indoor,Active,True,True,False,False,False,False,True,False,Market,Semi-Urban
ATM_PAT_0458,State Bank of India,"Railway Station Kiosk, Patna",Patna,Patna,Bihar,25.578504,85.083737,White-Label,Onsite,Outdoor,Active,True,False,False,False,False,False,False,True,Railway_Station,Semi-Urban
ATM_KAM_0459,Kotak Mahindra Bank,"Shopping Mall Kiosk, Kaman",Kaman,Bharatpur,Rajasthan,27.694872,77.238746,White-Label,Offsite,Outdoor,Active,True,False,False,False,False,False,True,True,Shopping_Mall,Urban
ATM_PUN_0460,ICICI Bank,"Market Kiosk, Punahana",Punahana,Nuh,Haryana,27.833985,77.147084,Brown-Label,Offsite,Outdoor,Active,True,True,False,False,False,False,True,False,Market,Semi-Urban
ATM_KOL_0461,Punjab National Bank,"Market Kiosk, Kolkata",Kolkata,Kolkata,West Bengal,22.55022,88.424729,Bank-Owned,Offsite,Indoor,Active,True,True,False,False,False,False,False,False,Market,Semi-Urban
ATM_PAT_0462,HDFC Bank,"Residential Kiosk, Patna",Patna,Patna,Bihar,25.547397,85.14513,White-Label,Offsite,Outdoor,Active,True,True,True,False,False,False,True,True,Residential,Semi-Urban
ATM_GUR_0463,State Bank of India,"Shopping Mall Kiosk, Gurgaon/Gurugram",Gurgaon/Gurugram,Gurugram,Haryana,28.438129,76.97708,Bank-Owned,Offsite,Indoor,Active,True,True,False,False,False,False,False,True,Shopping_Mall,Urban
ATM_HOW_0464,State Bank of India,"Airport Kiosk, Howrah",Howrah,Howrah,West Bengal,22.601685,88.266745,Bank-Owned,Offsite,Indoor,Active,True,False,False,False,False,False,True,True,Airport,Urban
ATM_JAI_0465,ICICI Bank,"Commercial Area Kiosk, Jaipur",Jaipur,Jaipur,Rajasthan,26.879457,75.814771,Bank-Owned,Onsite,Indoor,Active,False,False,False,False,False,False,True,True,Commercial_Area,Urban
ATM_GUR_0466,HDFC Bank,"Commercial Area Kiosk, Gurgaon/Gurugram",Gurgaon/Gurugram,Gurugram,Haryana,28.431119,77.058914,Bank-Owned,Offsite,Indoor,Active,True,False,False,False,False,False,True,True,Commercial_Area,Urban
ATM_DEL_0467,Axis Bank,"Highway Kiosk, Delhi",Delhi,Central Delhi,Delhi,28.633429,77.218443,White-Label,Offsite,Outdoor,Active,False,False,False,False,False,False,False,False,Highway,Semi-Urban
ATM_ALW_0468,State Bank of India,"Commercial Area Kiosk, Alwar",Alwar,Alwar,Rajasthan,27.550748,76.651327,Bank-Owned,Onsite,Indoor,Active,True,True,False,False,False,False,True,True,Commercial_Area,Urban
ATM_BAR_0469,HDFC Bank,"Shopping Mall Kiosk, Bardhaman",Bardhaman,Purba Bardhaman,West Bengal,23.195118,87.841321,White-Label,Offsite,Indoor,Active,True,True,True,False,False,False,True,True,Shopping_Mall,Urban
ATM_DEL_0470,State Bank of India,"Railway Station Kiosk, Delhi",Delhi,Central Delhi,Delhi,28.657465,77.186111,White-Label,Offsite,Outdoor,Active,True,False,False,False,False,False,False,False,Railway_Station,Semi-Urban
ATM_KAM_0471,HDFC Bank,"Bus Stand Kiosk, Kaman",Kaman,Bharatpur,Rajasthan,27.629485,77.360511,Brown-Label,Onsite,Indoor,Active,True,True,True,False,False,False,True,True,Bus_Stand,Semi-Urban
ATM_KOL_0472,Axis Bank,"Commercial Area Kiosk, Kolkata",Kolkata,Kolkata,West Bengal,22.557708,88.328731,White-Label,Offsite,Outdoor,Active,False,False,False,False,False,False,True,False,Commercial_Area,Urban
ATM_HOW_0473,Punjab National Bank,"Shopping Mall Kiosk, Howrah",Howrah,Howrah,West Bengal,22.537293,88.254589,Brown-Label,Offsite,Indoor,Active,False,False,False,False,False,False,False,False,Shopping_Mall,Urban
ATM_PAT_0474,Axis Bank,"Railway Station Kiosk, Patna",Patna,Patna,Bihar,25.629397,85.152542,Brown-Label,Onsite,Indoor,Active,True,True,True,False,False,False,True,True,Railway_Station,Semi-Urban
ATM_ALW_0475,Punjab National Bank,"Residential Kiosk, Alwar",Alwar,Alwar,Rajasthan,27.596976,76.637678,White-Label,Offsite,Indoor,Active,False,False,False,False,False,False,False,True,Residential,Semi-Urban
ATM_JAI_0476,Punjab National Bank,"Commercial Area Kiosk, Jaipur",Jaipur,Jaipur,Rajasthan,26.934264,75.739655,White-Label,Offsite,Indoor,Active,False,False,False,False,False,False,False,True,Commercial_Area,Urban
ATM_AGR_0477,ICICI Bank,"Commercial Area Kiosk, Agra",Agra,Agra,Uttar Pradesh,27.094301,78.015684,Bank-Owned,Offsite,Outdoor,Active,True,True,True,False,False,False,True,True,Commercial_Area,Urban
ATM_DEO_0478,Axis Bank,"Market Kiosk, Deoghar",Deoghar,Deoghar,Jharkhand,24.481807,86.667144,Bank-Owned,Onsite,Indoor,Active,True,True,False,False,False,False,True,True,Market,Semi-Urban
ATM_DEL_0479,Bank of Baroda,"Other Kiosk, Delhi",Delhi,Central Delhi,Delhi,28.628934,77.201984,Brown-Label,Onsite,Indoor,Active,False,False,False,False,False,False,False,False,Other,Semi-Urban
ATM_DEL_0480,IndusInd Bank,"Market Kiosk, Delhi",Delhi,Central Delhi,Delhi,28.553268,77.239702,Brown-Label,Offsite,Indoor,Active,True,False,False,False,False,False,False,True,Market,Semi-Urban
ATM_KOL_0481,State Bank of India,"Residential Kiosk, Kolkata",Kolkata,Kolkata,West Bengal,22.593405,88.405427,Bank-Owned,Onsite,Outdoor,Active,True,True,True,False,False,False,True,True,Residential,Semi-Urban
ATM_BHA_0482,Punjab National Bank,"Airport Kiosk, Bharatpur",Bharatpur,Bharatpur,Rajasthan,27.163205,77.450709,White-Label,Onsite,Outdoor,Active,True,True,True,False,False,False,True,False,Airport,Urban
ATM_ALW_0483,State Bank of India,"Commercial Area Kiosk, Alwar",Alwar,Alwar,Rajasthan,27.574556,76.718613,Brown-Label,Offsite,Indoor,Active,True,False,False,False,False,False,True,True,Commercial_Area,Urban
ATM_KOL_0484,State Bank of India,"Residential Kiosk, Kolkata",Kolkata,Kolkata,West Bengal,22.620023,88.381793,Bank-Owned,Offsite,Indoor,Active,False,False,False,False,False,False,True,True,Residential,Semi-Urban
ATM_PAT_0485,Axis Bank,"Shopping Mall Kiosk, Patna",Patna,Patna,Bihar,25.604124,85.149158,Bank-Owned,Offsite,Outdoor,Degraded,True,True,False,False,False,False,True,True,Shopping_Mall,Urban
ATM_DUM_0486,Bank of Baroda,"Railway Station Kiosk, Dumka",Dumka,Dumka,Jharkhand,24.271961,87.198,White-Label,Offsite,Indoor,Active,True,True,False,False,False,False,False,True,Railway_Station,Semi-Urban
ATM_PAT_0487,IndusInd Bank,"Market Kiosk, Patna",Patna,Patna,Bihar,25.602204,85.104342,White-Label,Onsite,Outdoor,Active,True,False,False,False,False,False,False,False,Market,Semi-Urban
ATM_ALW_0488,ICICI Bank,"Commercial Area Kiosk, Alwar",Alwar,Alwar,Rajasthan,27.558,76.613201,Brown-Label,Offsite,Indoor,Active,True,True,False,False,False,False,True,True,Commercial_Area,Urban
ATM_MAT_0489,Union Bank of India,"Railway Station Kiosk, Mathura",Mathura,Mathura,Uttar Pradesh,27.514143,77.669482,White-Label,Onsite,Indoor,Active,True,False,False,False,False,False,False,True,Railway_Station,Semi-Urban
ATM_KAM_0490,State Bank of India,"Residential Kiosk, Kaman",Kaman,Bharatpur,Rajasthan,27.635027,77.269401,Bank-Owned,Onsite,Outdoor,Active,True,True,True,False,False,False,False,False,Residential,Semi-Urban
ATM_KAM_0491,State Bank of India,"Commercial Area Kiosk, Kaman",Kaman,Bharatpur,Rajasthan,27.673188,77.285283,Bank-Owned,Offsite,Indoor,Active,True,True,False,False,False,False,True,True,Commercial_Area,Urban
ATM_PAT_0492,State Bank of India,"Shopping Mall Kiosk, Patna",Patna,Patna,Bihar,25.575723,85.115948,Bank-Owned,Offsite,Indoor,Active,True,True,True,False,False,False,False,True,Shopping_Mall,Urban
ATM_BAR_0493,State Bank of India,"Commercial Area Kiosk, Bardhaman",Bardhaman,Purba Bardhaman,West Bengal,23.252967,87.867773,Brown-Label,Onsite,Indoor,Active,True,False,False,False,False,False,True,True,Commercial_Area,Urban
ATM_DEL_0494,HDFC Bank,"Market Kiosk, Delhi",Delhi,Central Delhi,Delhi,28.682808,77.189424,Bank-Owned,Onsite,Indoor,Active,True,True,False,False,False,False,True,True,Market,Semi-Urban
ATM_DEL_0495,ICICI Bank,"Market Kiosk, Delhi",Delhi,Central Delhi,Delhi,28.58723,77.270801,Bank-Owned,Onsite,Outdoor,Active,True,True,True,False,False,False,True,False,Market,Semi-Urban
ATM_MAT_0496,HDFC Bank,"Shopping Mall Kiosk, Mathura",Mathura,Mathura,Uttar Pradesh,27.460789,77.725786,Bank-Owned,Onsite,Indoor,Active,True,True,True,False,False,False,True,False,Shopping_Mall,Urban
ATM_JAI_0497,State Bank of India,"Market Kiosk, Jaipur",Jaipur,Jaipur,Rajasthan,26.901925,75.75487,Bank-Owned,Offsite,Indoor,Active,True,False,False,False,False,False,True,True,Market,Semi-Urban
ATM_DEL_0498,Punjab National Bank,"Market Kiosk, Delhi",Delhi,Central Delhi,Delhi,28.650344,77.249655,White-Label,Onsite,Indoor,Active,True,True,True,False,False,False,True,False,Market,Semi-Urban
ATM_DEL_0499,State Bank of India,"Railway Station Kiosk, Delhi",Delhi,Central Delhi,Delhi,28.643831,77.216265,Bank-Owned,Onsite,Indoor,Active,True,True,True,False,False,False,True,False,Railway_Station,Semi-Urban
ATM_BAR_0500,ICICI Bank,"Shopping Mall Kiosk, Bardhaman",Bardhaman,Purba Bardhaman,West Bengal,23.193738,87.866918,Bank-Owned,Offsite,Indoor,Active,True,False,False,False,False,False,True,True,Shopping_Mall,Urban
ATM_BHA_0501,State Bank of India,"Commercial Area Kiosk, Bharatpur",Bharatpur,Bharatpur,Rajasthan,27.264389,77.487391,White-Label,Onsite,Indoor,Active,True,True,True,False,False,False,True,True,Commercial_Area,Urban
ATM_PUN_0502,HDFC Bank,"Shopping Mall Kiosk, Punahana",Punahana,Nuh,Haryana,27.858556,77.190516,Bank-Owned,Offsite,Indoor,Degraded,False,False,False,False,False,False,True,True,Shopping_Mall,Urban
ATM_JAI_0503,State Bank of India,"Market Kiosk, Jaipur",Jaipur,Jaipur,Rajasthan,26.909987,75.783444,Bank-Owned,Offsite,Indoor,Active,True,True,True,False,False,True,True,True,Market,Semi-Urban
ATM_DUM_0504,HDFC Bank,"Commercial Area Kiosk, Dumka",Dumka,Dumka,Jharkhand,24.251359,87.309158,Bank-Owned,Offsite,Outdoor,Active,False,False,False,False,False,False,True,True,Commercial_Area,Urban
ATM_DUM_0505,Axis Bank,"Market Kiosk, Dumka",Dumka,Dumka,Jharkhand,24.261647,87.24852,Bank-Owned,Onsite,Outdoor,Active,True,True,True,False,False,False,False,False,Market,Semi-Urban
ATM_BHA_0506,HDFC Bank,"Market Kiosk, Bharatpur",Bharatpur,Bharatpur,Rajasthan,27.25777,77.52625,Brown-Label,Onsite,Outdoor,Active,True,True,True,False,False,False,True,True,Market,Semi-Urban
ATM_PAT_0507,State Bank of India,"Residential Kiosk, Patna",Patna,Patna,Bihar,25.59801,85.119797,Bank-Owned,Onsite,Outdoor,Active,True,True,True,False,False,False,False,True,Residential,Semi-Urban
ATM_MAT_0508,Bank of Baroda,"Market Kiosk, Mathura",Mathura,Mathura,Uttar Pradesh,27.501728,77.661663,Bank-Owned,Onsite,Indoor,Degraded,True,True,True,False,False,False,True,True,Market,Semi-Urban
ATM_DEO_0509,State Bank of India,"Shopping Mall Kiosk, Deoghar",Deoghar,Deoghar,Jharkhand,24.470784,86.675208,Brown-Label,Offsite,Indoor,Active,True,True,False,False,False,True,False,True,Shopping_Mall,Urban
ATM_ALW_0510,State Bank of India,"Shopping Mall Kiosk, Alwar",Alwar,Alwar,Rajasthan,27.628662,76.63097,White-Label,Offsite,Indoor,Active,True,False,False,False,False,False,True,True,Shopping_Mall,Urban
ATM_DEL_0511,HDFC Bank,"Market Kiosk, Delhi",Delhi,Central Delhi,Delhi,28.626939,77.227059,Brown-Label,Offsite,Outdoor,Active,True,True,True,False,False,True,True,False,Market,Semi-Urban
ATM_PUN_0512,HDFC Bank,"Bus Stand Kiosk, Punahana",Punahana,Nuh,Haryana,27.806032,77.214448,Bank-Owned,Onsite,Indoor,Active,True,False,False,False,False,False,True,False,Bus_Stand,Semi-Urban
ATM_KOL_0513,HDFC Bank,"Residential Kiosk, Kolkata",Kolkata,Kolkata,West Bengal,22.519051,88.359451,Brown-Label,Offsite,Indoor,Active,True,True,True,False,False,False,True,True,Residential,Semi-Urban
ATM_DEL_0514,State Bank of India,"Commercial Area Kiosk, Delhi",Delhi,Central Delhi,Delhi,28.567481,77.219775,White-Label,Offsite,Outdoor,Degraded,True,True,True,False,False,False,False,True,Commercial_Area,Urban
ATM_DEL_0515,HDFC Bank,"Educational Area Kiosk, Delhi",Delhi,Central Delhi,Delhi,28.559918,77.220096,Bank-Owned,Onsite,Indoor,Active,True,True,False,False,False,False,True,True,Educational_Area,Semi-Urban
ATM_ALW_0516,Bank of Baroda,"Commercial Area Kiosk, Alwar",Alwar,Alwar,Rajasthan,27.558735,76.646401,Bank-Owned,Offsite,Indoor,Active,True,True,True,False,False,False,False,True,Commercial_Area,Urban
ATM_KAM_0517,State Bank of India,"Bus Stand Kiosk, Kaman",Kaman,Bharatpur,Rajasthan,27.599085,77.252519,Bank-Owned,Offsite,Outdoor,Active,True,True,False,False,False,False,True,False,Bus_Stand,Semi-Urban
ATM_NAL_0518,State Bank of India,"Market Kiosk, Nalanda",Nalanda,Nalanda,Bihar,25.137724,85.51946,Bank-Owned,Onsite,Indoor,Active,True,True,True,False,False,False,True,True,Market,Semi-Urban
ATM_BHA_0519,State Bank of India,"Market Kiosk, Bharatpur",Bharatpur,Bharatpur,Rajasthan,27.226027,77.505663,Bank-Owned,Onsite,Outdoor,Active,True,True,False,False,False,False,False,False,Market,Semi-Urban
ATM_BAR_0520,Axis Bank,"Bus Stand Kiosk, Bardhaman",Bardhaman,Purba Bardhaman,West Bengal,23.270746,87.829823,Bank-Owned,Offsite,Indoor,Active,True,True,True,False,False,False,False,False,Bus_Stand,Semi-Urban
ATM_KOL_0521,Union Bank of India,"Shopping Mall Kiosk, Kolkata",Kolkata,Kolkata,West Bengal,22.596061,88.385404,White-Label,Onsite,Indoor,Degraded,True,False,False,False,False,False,True,False,Shopping_Mall,Urban
ATM_DEL_0522,Punjab National Bank,"Shopping Mall Kiosk, Delhi",Delhi,Central Delhi,Delhi,28.540477,77.200064,White-Label,Onsite,Outdoor,Active,True,False,False,False,False,False,False,True,Shopping_Mall,Urban
ATM_BHA_0523,Canara Bank,"Residential Kiosk, Bharatpur",Bharatpur,Bharatpur,Rajasthan,27.212647,77.524649,Bank-Owned,Offsite,Indoor,Active,True,True,False,False,False,False,False,True,Residential,Semi-Urban
ATM_MAT_0524,Canara Bank,"Bus Stand Kiosk, Mathura",Mathura,Mathura,Uttar Pradesh,27.519344,77.682794,Bank-Owned,Onsite,Outdoor,Active,True,True,False,False,False,False,False,False,Bus_Stand,Semi-Urban
ATM_PAT_0525,State Bank of India,"Commercial Area Kiosk, Patna",Patna,Patna,Bihar,25.516218,85.14543,Brown-Label,Offsite,Outdoor,Active,True,True,True,False,False,False,True,True,Commercial_Area,Urban
ATM_MAT_0526,Punjab National Bank,"Commercial Area Kiosk, Mathura",Mathura,Mathura,Uttar Pradesh,27.469983,77.673959,Brown-Label,Offsite,Indoor,Active,True,True,True,False,False,False,True,True,Commercial_Area,Urban
ATM_MAT_0527,State Bank of India,"Market Kiosk, Mathura",Mathura,Mathura,Uttar Pradesh,27.474912,77.694022,Bank-Owned,Onsite,Indoor,Active,True,True,False,False,False,False,False,True,Market,Semi-Urban
ATM_DHA_0528,HDFC Bank,"Market Kiosk, Dhanbad",Dhanbad,Dhanbad,Jharkhand,23.760641,86.463206,White-Label,Onsite,Outdoor,Active,True,True,True,False,False,False,True,False,Market,Semi-Urban
ATM_JAI_0529,Kotak Mahindra Bank,"Railway Station Kiosk, Jaipur",Jaipur,Jaipur,Rajasthan,26.900573,75.734699,Bank-Owned,Offsite,Indoor,Active,True,True,True,False,False,False,False,True,Railway_Station,Semi-Urban
ATM_ALW_0530,ICICI Bank,"Educational Area Kiosk, Alwar",Alwar,Alwar,Rajasthan,27.546231,76.607494,Bank-Owned,Offsite,Indoor,Degraded,True,True,True,False,False,False,True,True,Educational_Area,Semi-Urban
ATM_MAT_0531,IndusInd Bank,"Educational Area Kiosk, Mathura",Mathura,Mathura,Uttar Pradesh,27.522437,77.65842,Bank-Owned,Offsite,Indoor,Active,True,True,True,False,False,False,False,True,Educational_Area,Semi-Urban
ATM_DEL_0532,HDFC Bank,"Shopping Mall Kiosk, Delhi",Delhi,Central Delhi,Delhi,28.564825,77.226904,Bank-Owned,Offsite,Outdoor,Active,True,True,True,False,False,False,True,False,Shopping_Mall,Urban
ATM_ALW_0533,Canara Bank,"Market Kiosk, Alwar",Alwar,Alwar,Rajasthan,27.499846,76.64931,White-Label,Onsite,Indoor,Degraded,False,False,False,False,False,False,True,True,Market,Semi-Urban
ATM_HOW_0534,Bank of Baroda,"Highway Kiosk, Howrah",Howrah,Howrah,West Bengal,22.644118,88.254178,Bank-Owned,Onsite,Outdoor,Active,False,False,False,False,False,False,False,False,Highway,Semi-Urban
ATM_KAM_0535,ICICI Bank,"Shopping Mall Kiosk, Kaman",Kaman,Bharatpur,Rajasthan,27.62244,77.249476,Bank-Owned,Onsite,Indoor,Active,True,False,False,False,False,False,True,False,Shopping_Mall,Urban
ATM_MAT_0536,State Bank of India,"Railway Station Kiosk, Mathura",Mathura,Mathura,Uttar Pradesh,27.533681,77.695191,White-Label,Onsite,Indoor,Active,False,False,False,False,False,False,True,True,Railway_Station,Semi-Urban
ATM_DEO_0537,HDFC Bank,"Commercial Area Kiosk, Deoghar",Deoghar,Deoghar,Jharkhand,24.462004,86.697315,White-Label,Offsite,Outdoor,Active,True,True,False,False,False,False,False,True,Commercial_Area,Urban
ATM_DEL_0538,Kotak Mahindra Bank,"Railway Station Kiosk, Delhi",Delhi,Central Delhi,Delhi,28.588822,77.193653,Bank-Owned,Offsite,Outdoor,Active,True,True,False,False,False,False,False,False,Railway_Station,Semi-Urban
ATM_DEL_0539,Punjab National Bank,"Market Kiosk, Delhi",Delhi,Central Delhi,Delhi,28.591358,77.187951,Bank-Owned,Onsite,Outdoor,Active,True,True,True,False,False,False,True,True,Market,Semi-Urban
ATM_DEL_0540,State Bank of India,"Shopping Mall Kiosk, Delhi",Delhi,Central Delhi,Delhi,28.558268,77.224507,Bank-Owned,Onsite,Indoor,Active,True,False,False,False,False,False,True,True,Shopping_Mall,Urban
ATM_BHA_0541,State Bank of India,"Commercial Area Kiosk, Bharatpur",Bharatpur,Bharatpur,Rajasthan,27.1952,77.447402,Bank-Owned,Onsite,Indoor,Active,True,True,True,False,False,False,False,True,Commercial_Area,Urban
ATM_PUN_0542,Bank of Baroda,"Highway Kiosk, Punahana",Punahana,Nuh,Haryana,27.890058,77.186866,Bank-Owned,Onsite,Outdoor,Active,True,False,False,False,False,False,False,False,Highway,Semi-Urban
ATM_PUN_0543,State Bank of India,"Commercial Area Kiosk, Punahana",Punahana,Nuh,Haryana,27.823269,77.183312,Brown-Label,Offsite,Indoor,Active,True,True,True,False,False,False,False,True,Commercial_Area,Urban
ATM_JAI_0544,ICICI Bank,"Shopping Mall Kiosk, Jaipur",Jaipur,Jaipur,Rajasthan,26.862207,75.742905,Bank-Owned,Offsite,Indoor,Active,True,True,True,False,False,False,False,True,Shopping_Mall,Urban
ATM_KOL_0545,Punjab National Bank,"Commercial Area Kiosk, Kolkata",Kolkata,Kolkata,West Bengal,22.578227,88.361081,Bank-Owned,Offsite,Indoor,Active,True,True,True,False,False,False,True,True,Commercial_Area,Urban
ATM_PAT_0546,Punjab National Bank,"Bus Stand Kiosk, Patna",Patna,Patna,Bihar,25.674856,85.080052,Bank-Owned,Offsite,Outdoor,Active,True,True,False,False,False,False,True,True,Bus_Stand,Semi-Urban
ATM_DEL_0547,State Bank of India,"Commercial Area Kiosk, Delhi",Delhi,Central Delhi,Delhi,28.586375,77.200175,Bank-Owned,Offsite,Indoor,Active,True,False,False,False,False,False,True,False,Commercial_Area,Urban
ATM_FAR_0548,State Bank of India,"Shopping Mall Kiosk, Faridabad",Faridabad,Faridabad,Haryana,28.400066,77.371855,Bank-Owned,Onsite,Indoor,Active,True,False,False,False,False,True,True,False,Shopping_Mall,Urban
ATM_HOW_0549,State Bank of India,"Commercial Area Kiosk, Howrah",Howrah,Howrah,West Bengal,22.584006,88.248726,Brown-Label,Onsite,Indoor,Active,True,True,False,False,False,False,False,False,Commercial_Area,Urban
ATM_DUM_0550,Punjab National Bank,"Commercial Area Kiosk, Dumka",Dumka,Dumka,Jharkhand,24.236708,87.240013,Bank-Owned,Onsite,Indoor,Active,True,True,False,False,False,True,True,True,Commercial_Area,Urban
ATM_DEL_0551,HDFC Bank,"Commercial Area Kiosk, Delhi",Delhi,Central Delhi,Delhi,28.609463,77.236716,White-Label,Offsite,Indoor,Active,True,True,True,False,False,False,True,False,Commercial_Area,Urban
ATM_JAI_0552,IndusInd Bank,"Railway Station Kiosk, Jaipur",Jaipur,Jaipur,Rajasthan,26.929036,75.877216,Bank-Owned,Onsite,Indoor,Active,True,False,False,False,False,False,True,True,Railway_Station,Semi-Urban
ATM_DEO_0553,Punjab National Bank,"Railway Station Kiosk, Deoghar",Deoghar,Deoghar,Jharkhand,24.51507,86.687463,Bank-Owned,Offsite,Outdoor,Active,True,False,False,False,False,False,False,True,Railway_Station,Semi-Urban
ATM_ALW_0554,State Bank of India,"Educational Area Kiosk, Alwar",Alwar,Alwar,Rajasthan,27.504083,76.601589,White-Label,Onsite,Outdoor,Degraded,False,False,False,False,False,False,False,False,Educational_Area,Semi-Urban
ATM_JAI_0555,Punjab National Bank,"Commercial Area Kiosk, Jaipur",Jaipur,Jaipur,Rajasthan,26.935957,75.80029,Bank-Owned,Offsite,Indoor,Active,False,False,False,False,False,False,True,True,Commercial_Area,Urban
ATM_DHA_0556,Axis Bank,"Shopping Mall Kiosk, Dhanbad",Dhanbad,Dhanbad,Jharkhand,23.854452,86.365689,Bank-Owned,Onsite,Outdoor,Active,True,True,True,False,False,False,True,True,Shopping_Mall,Urban
ATM_PUN_0557,State Bank of India,"Shopping Mall Kiosk, Punahana",Punahana,Nuh,Haryana,27.884869,77.305636,Bank-Owned,Onsite,Indoor,Active,True,False,False,False,False,False,False,True,Shopping_Mall,Urban
ATM_PAT_0558,Punjab National Bank,"Shopping Mall Kiosk, Patna",Patna,Patna,Bihar,25.590847,85.137934,White-Label,Onsite,Outdoor,Active,False,False,False,False,False,False,True,True,Shopping_Mall,Urban
ATM_ALW_0559,State Bank of India,"Railway Station Kiosk, Alwar",Alwar,Alwar,Rajasthan,27.592023,76.633549,Bank-Owned,Onsite,Indoor,Active,True,False,False,False,False,False,False,True,Railway_Station,Semi-Urban
ATM_KOL_0560,Axis Bank,"Railway Station Kiosk, Kolkata",Kolkata,Kolkata,West Bengal,22.561262,88.369877,Bank-Owned,Offsite,Outdoor,Active,True,True,True,False,False,False,True,True,Railway_Station,Semi-Urban
ATM_PAT_0561,State Bank of India,"Railway Station Kiosk, Patna",Patna,Patna,Bihar,25.568297,85.133523,White-Label,Offsite,Outdoor,Active,True,False,False,False,False,False,True,False,Railway_Station,Semi-Urban
ATM_KAM_0562,State Bank of India,"Shopping Mall Kiosk, Kaman",Kaman,Bharatpur,Rajasthan,27.57782,77.278459,White-Label,Onsite,Outdoor,Active,True,False,False,False,False,False,True,False,Shopping_Mall,Urban
ATM_FAR_0563,Canara Bank,"Airport Kiosk, Faridabad",Faridabad,Faridabad,Haryana,28.387827,77.319008,Brown-Label,Offsite,Indoor,Active,True,True,True,False,False,False,True,False,Airport,Urban
ATM_BHA_0564,State Bank of India,"Railway Station Kiosk, Bharatpur",Bharatpur,Bharatpur,Rajasthan,27.148893,77.53688,Brown-Label,Offsite,Indoor,Active,True,True,False,False,False,False,True,True,Railway_Station,Semi-Urban
ATM_DEL_0565,Bank of Baroda,"Bus Stand Kiosk, Delhi",Delhi,Central Delhi,Delhi,28.601332,77.228709,Brown-Label,Offsite,Outdoor,Active,False,False,False,False,False,False,True,False,Bus_Stand,Semi-Urban
ATM_KOL_0566,State Bank of India,"Airport Kiosk, Kolkata",Kolkata,Kolkata,West Bengal,22.535334,88.342812,Brown-Label,Offsite,Indoor,Active,True,False,False,False,False,False,True,True,Airport,Urban
ATM_MAT_0567,State Bank of India,"Commercial Area Kiosk, Mathura",Mathura,Mathura,Uttar Pradesh,27.466586,77.706584,White-Label,Offsite,Indoor,Active,True,True,False,False,False,False,True,True,Commercial_Area,Urban
ATM_DHA_0568,Punjab National Bank,"Market Kiosk, Dhanbad",Dhanbad,Dhanbad,Jharkhand,23.809662,86.415765,Brown-Label,Offsite,Indoor,Active,True,False,False,False,False,False,False,False,Market,Semi-Urban
ATM_BHA_0569,Kotak Mahindra Bank,"Highway Kiosk, Bharatpur",Bharatpur,Bharatpur,Rajasthan,27.219773,77.498451,White-Label,Onsite,Indoor,Active,False,False,False,False,False,False,False,False,Highway,Semi-Urban
ATM_AGR_0570,State Bank of India,"Market Kiosk, Agra",Agra,Agra,Uttar Pradesh,27.104442,77.998049,Bank-Owned,Onsite,Indoor,Degraded,True,True,True,False,False,False,True,False,Market,Semi-Urban
ATM_MAT_0571,Canara Bank,"Railway Station Kiosk, Mathura",Mathura,Mathura,Uttar Pradesh,27.496001,77.652802,Bank-Owned,Offsite,Outdoor,Active,True,False,False,False,False,False,True,False,Railway_Station,Semi-Urban
ATM_DUM_0572,Union Bank of India,"Market Kiosk, Dumka",Dumka,Dumka,Jharkhand,24.330932,87.245911,Bank-Owned,Onsite,Indoor,Active,True,True,False,False,False,False,True,True,Market,Semi-Urban
ATM_ALW_0573,Bank of Baroda,"Bus Stand Kiosk, Alwar",Alwar,Alwar,Rajasthan,27.541425,76.588123,White-Label,Offsite,Outdoor,Active,False,False,False,False,False,False,False,True,Bus_Stand,Semi-Urban
ATM_KOL_0574,Bank of Baroda,"Residential Kiosk, Kolkata",Kolkata,Kolkata,West Bengal,22.584415,88.372952,Bank-Owned,Offsite,Outdoor,Active,True,True,True,False,False,False,False,False,Residential,Semi-Urban
ATM_HOW_0575,ICICI Bank,"Commercial Area Kiosk, Howrah",Howrah,Howrah,West Bengal,22.600781,88.316093,Brown-Label,Onsite,Outdoor,Active,True,True,True,False,False,False,True,True,Commercial_Area,Urban
ATM_PUN_0576,HDFC Bank,"Shopping Mall Kiosk, Punahana",Punahana,Nuh,Haryana,27.900186,77.245037,White-Label,Offsite,Outdoor,Active,True,False,False,False,False,False,False,True,Shopping_Mall,Urban
ATM_KOL_0577,ICICI Bank,"Commercial Area Kiosk, Kolkata",Kolkata,Kolkata,West Bengal,22.585782,88.408675,Bank-Owned,Onsite,Indoor,Active,True,True,True,False,False,False,True,False,Commercial_Area,Urban
ATM_DEL_0578,Axis Bank,"Market Kiosk, Delhi",Delhi,Central Delhi,Delhi,28.640776,77.287846,Bank-Owned,Offsite,Outdoor,Active,True,False,False,False,False,False,True,True,Market,Semi-Urban
ATM_BAR_0579,HDFC Bank,"Market Kiosk, Bardhaman",Bardhaman,Purba Bardhaman,West Bengal,23.255385,87.885826,Brown-Label,Offsite,Indoor,Active,True,False,False,False,False,False,True,True,Market,Semi-Urban
ATM_ALW_0580,Axis Bank,"Bus Stand Kiosk, Alwar",Alwar,Alwar,Rajasthan,27.520051,76.633143,White-Label,Onsite,Indoor,Active,True,False,False,False,False,False,False,True,Bus_Stand,Semi-Urban
ATM_JAI_0581,State Bank of India,"Shopping Mall Kiosk, Jaipur",Jaipur,Jaipur,Rajasthan,26.865413,75.851663,Brown-Label,Onsite,Outdoor,Active,True,True,False,False,False,False,True,False,Shopping_Mall,Urban
ATM_DEL_0582,State Bank of India,"Railway Station Kiosk, Delhi",Delhi,Central Delhi,Delhi,28.624292,77.239295,Bank-Owned,Onsite,Indoor,Active,False,False,False,False,False,False,True,False,Railway_Station,Semi-Urban
ATM_NAL_0583,Bank of Baroda,"Market Kiosk, Nalanda",Nalanda,Nalanda,Bihar,25.134593,85.494924,Bank-Owned,Offsite,Indoor,Active,True,False,False,False,False,False,True,True,Market,Semi-Urban
ATM_PUN_0584,State Bank of India,"Commercial Area Kiosk, Punahana",Punahana,Nuh,Haryana,27.875114,77.154191,Bank-Owned,Offsite,Indoor,Active,True,True,True,False,False,False,True,True,Commercial_Area,Urban
ATM_NAL_0585,Punjab National Bank,"Residential Kiosk, Nalanda",Nalanda,Nalanda,Bihar,25.098437,85.423634,Brown-Label,Offsite,Indoor,Active,True,False,False,False,False,False,True,False,Residential,Semi-Urban
ATM_BHA_0586,State Bank of India,"Railway Station Kiosk, Bharatpur",Bharatpur,Bharatpur,Rajasthan,27.155738,77.49357,Bank-Owned,Offsite,Indoor,Active,True,True,True,False,False,False,True,True,Railway_Station,Semi-Urban
ATM_DEL_0587,State Bank of India,"Commercial Area Kiosk, Delhi",Delhi,Central Delhi,Delhi,28.596195,77.261908,White-Label,Onsite,Indoor,Active,True,True,True,False,False,False,False,False,Commercial_Area,Urban
ATM_NAL_0588,HDFC Bank,"Shopping Mall Kiosk, Nalanda",Nalanda,Nalanda,Bihar,25.159297,85.415872,Bank-Owned,Onsite,Outdoor,Active,True,True,True,False,False,False,True,True,Shopping_Mall,Urban
ATM_JAI_0589,HDFC Bank,"Commercial Area Kiosk, Jaipur",Jaipur,Jaipur,Rajasthan,26.922546,75.767908,Bank-Owned,Onsite,Indoor,Active,True,True,True,False,False,False,True,True,Commercial_Area,Urban
ATM_GUR_0590,HDFC Bank,"Commercial Area Kiosk, Gurgaon/Gurugram",Gurgaon/Gurugram,Gurugram,Haryana,28.423235,77.035704,White-Label,Onsite,Indoor,Active,True,True,True,False,False,False,True,True,Commercial_Area,Urban
ATM_BHA_0591,Bank of Baroda,"Market Kiosk, Bharatpur",Bharatpur,Bharatpur,Rajasthan,27.237914,77.536669,Bank-Owned,Offsite,Indoor,Active,True,True,False,False,False,False,True,True,Market,Semi-Urban
ATM_NAL_0592,Bank of Baroda,"Bus Stand Kiosk, Nalanda",Nalanda,Nalanda,Bihar,25.115094,85.430855,Brown-Label,Onsite,Indoor,Active,True,True,False,False,False,False,True,True,Bus_Stand,Semi-Urban
ATM_PUN_0593,ICICI Bank,"Educational Area Kiosk, Punahana",Punahana,Nuh,Haryana,27.909292,77.231931,Bank-Owned,Onsite,Indoor,Active,True,True,False,False,False,False,True,True,Educational_Area,Semi-Urban
ATM_DEL_0594,HDFC Bank,"Shopping Mall Kiosk, Delhi",Delhi,Central Delhi,Delhi,28.628906,77.213566,Bank-Owned,Offsite,Indoor,Active,True,True,False,False,False,False,False,True,Shopping_Mall,Urban
ATM_BHA_0595,HDFC Bank,"Railway Station Kiosk, Bharatpur",Bharatpur,Bharatpur,Rajasthan,27.221469,77.520409,White-Label,Offsite,Indoor,Active,True,True,True,False,False,False,True,True,Railway_Station,Semi-Urban
ATM_KOL_0596,Bank of Baroda,"Commercial Area Kiosk, Kolkata",Kolkata,Kolkata,West Bengal,22.601232,88.400533,White-Label,Offsite,Indoor,Active,True,True,False,False,False,False,False,False,Commercial_Area,Urban
ATM_GUR_0597,Punjab National Bank,"Shopping Mall Kiosk, Gurgaon/Gurugram",Gurgaon/Gurugram,Gurugram,Haryana,28.433616,77.037271,Bank-Owned,Offsite,Indoor,Active,True,True,False,False,False,False,False,True,Shopping_Mall,Urban
ATM_PAT_0598,Axis Bank,"Residential Kiosk, Patna",Patna,Patna,Bihar,25.601157,85.149634,Bank-Owned,Offsite,Outdoor,Active,True,True,True,False,False,False,True,True,Residential,Semi-Urban
ATM_BHA_0599,Punjab National Bank,"Commercial Area Kiosk, Bharatpur",Bharatpur,Bharatpur,Rajasthan,27.192999,77.488777,Bank-Owned,Offsite,Indoor,Active,False,False,False,False,False,False,False,True,Commercial_Area,Urban
ATM_MAT_0600,Axis Bank,"Market Kiosk, Mathura",Mathura,Mathura,Uttar Pradesh,27.528209,77.684611,Brown-Label,Onsite,Outdoor,Active,True,True,True,False,False,False,False,False,Market,Semi-Urban
